[INFO] Scanning for projects...
[INFO] ------------------------------------------------------------------------
[INFO] Reactor Build Order:
[INFO] 
[INFO] marketing-autopilot                                                [pom]
[INFO] common                                                             [jar]
[INFO] data-collector                                                     [jar]
[INFO] 
[INFO] ------------------< pl.autopilot:marketing-autopilot >------------------
[INFO] Building marketing-autopilot 0.0.1-SNAPSHOT                        [1/3]
[INFO]   from pom.xml
[INFO] --------------------------------[ pom ]---------------------------------
[INFO] 
[INFO] --- clean:3.5.0:clean (default-clean) @ marketing-autopilot ---
[INFO] 
[INFO] ------------------------< pl.autopilot:common >-------------------------
[INFO] Building common 0.0.1-SNAPSHOT                                     [2/3]
[INFO]   from common/pom.xml
[INFO] --------------------------------[ jar ]---------------------------------
[INFO] 
[INFO] --- clean:3.5.0:clean (default-clean) @ common ---
[INFO] Deleting /Users/krzysztof/Projects/marketing-autopilot/common/target
[INFO] 
[INFO] --- avro:1.12.1:schema (default) @ common ---
[INFO] Importing File: /Users/krzysztof/Projects/marketing-autopilot/common/src/main/avro/MediaType.avsc
[INFO] Importing File: /Users/krzysztof/Projects/marketing-autopilot/common/src/main/avro/ChangeType.avsc
[INFO] 
[INFO] --- resources:3.3.1:resources (default-resources) @ common ---
[INFO] skip non existing resourceDirectory /Users/krzysztof/Projects/marketing-autopilot/common/src/main/resources
[INFO] skip non existing resourceDirectory /Users/krzysztof/Projects/marketing-autopilot/common/src/main/resources
[INFO] 
[INFO] --- compiler:3.14.1:compile (default-compile) @ common ---
[INFO] Recompiling the module because of added or removed source files.
[INFO] Compiling 7 source files with javac [debug parameters release 21] to target/classes
WARNING: A terminally deprecated method in sun.misc.Unsafe has been called
WARNING: sun.misc.Unsafe::objectFieldOffset has been called by lombok.permit.Permit
WARNING: Please consider reporting this to the maintainers of class lombok.permit.Permit
WARNING: sun.misc.Unsafe::objectFieldOffset will be removed in a future release
[INFO] 
[INFO] --- resources:3.3.1:testResources (default-testResources) @ common ---
[INFO] skip non existing resourceDirectory /Users/krzysztof/Projects/marketing-autopilot/common/src/test/resources
[INFO] 
[INFO] --- compiler:3.14.1:testCompile (default-testCompile) @ common ---
[INFO] No sources to compile
[INFO] 
[INFO] --- surefire:3.5.5:test (default-test) @ common ---
[INFO] No tests to run.
[INFO] 
[INFO] --- jar:3.4.2:jar (default-jar) @ common ---
[INFO] Building jar: /Users/krzysztof/Projects/marketing-autopilot/common/target/common-0.0.1-SNAPSHOT.jar
[INFO] 
[INFO] --------------------< pl.autopilot:data-collector >---------------------
[INFO] Building data-collector 0.0.1-SNAPSHOT                             [3/3]
[INFO]   from data-collector/pom.xml
[INFO] --------------------------------[ jar ]---------------------------------
[INFO] 
[INFO] --- clean:3.5.0:clean (default-clean) @ data-collector ---
[INFO] Deleting /Users/krzysztof/Projects/marketing-autopilot/data-collector/target
[INFO] 
[INFO] --- resources:3.3.1:resources (default-resources) @ data-collector ---
[INFO] Copying 1 resource from src/main/resources to target/classes
[INFO] Copying 4 resources from src/main/resources to target/classes
[INFO] 
[INFO] --- compiler:3.14.1:compile (default-compile) @ data-collector ---
[INFO] Recompiling the module because of changed dependency.
[INFO] Compiling 80 source files with javac [debug parameters release 21] to target/classes
[INFO] /Users/krzysztof/Projects/marketing-autopilot/data-collector/src/main/java/pl/autopilot/datacollector/infrastructure/instagram/client/InstagramGraphClient.java: /Users/krzysztof/Projects/marketing-autopilot/data-collector/src/main/java/pl/autopilot/datacollector/infrastructure/instagram/client/InstagramGraphClient.java uses or overrides a deprecated API.
[INFO] /Users/krzysztof/Projects/marketing-autopilot/data-collector/src/main/java/pl/autopilot/datacollector/infrastructure/instagram/client/InstagramGraphClient.java: Recompile with -Xlint:deprecation for details.
[INFO] 
[INFO] --- resources:3.3.1:testResources (default-testResources) @ data-collector ---
[INFO] Copying 1 resource from src/test/resources to target/test-classes
[INFO] 
[INFO] --- compiler:3.14.1:testCompile (default-testCompile) @ data-collector ---
[INFO] Recompiling the module because of changed dependency.
[INFO] Compiling 23 source files with javac [debug parameters release 21] to target/test-classes
[INFO] 
[INFO] --- surefire:3.5.5:test (default-test) @ data-collector ---
[INFO] Using auto detected provider org.apache.maven.surefire.junitplatform.JUnitPlatformProvider
[INFO] 
[INFO] -------------------------------------------------------
[INFO]  T E S T S
[INFO] -------------------------------------------------------
[INFO] Running pl.autopilot.datacollector.infrastructure.web.MetaCallbackControllerTest
00:05:42.823 [main] INFO org.springframework.boot.test.context.SpringBootTestContextBootstrapper -- Found @SpringBootConfiguration pl.autopilot.datacollector.DataCollectorApplication for test class pl.autopilot.datacollector.infrastructure.web.MetaCallbackControllerTest
00:05:42.857 [main] INFO org.springframework.boot.test.context.SpringBootTestContextBootstrapper -- Found @SpringBootConfiguration pl.autopilot.datacollector.DataCollectorApplication for test class pl.autopilot.datacollector.infrastructure.web.MetaCallbackControllerTest
  .   ____          _            __ _ _
 /\\ / ___'_ __ _ _(_)_ __  __ _ \ \ \ \
( ( )\___ | '_ | '_| | '_ \/ _` | \ \ \ \
 \\/  ___)| |_)| | | | | || (_| |  ) ) ) )
  '  |____| .__|_| |_|_| |_\__, | / / / /
 =========|_|==============|___/=/_/_/_/
 
 :: Spring Boot ::   v4.0.6
 :: Spring Cloud Stream ::   v5.0.1
 :: Spring Cloud Function ::   v5.0.1
2026-09-02T00:05:43.993+02:00  INFO 5043 --- [data-collector] [           main] p.a.d.i.web.MetaCallbackControllerTest   : Starting MetaCallbackControllerTest using Java 26.0.1 with PID 5043 (started by krzysztof in /Users/krzysztof/Projects/marketing-autopilot/data-collector)
2026-09-02T00:05:43.995+02:00  INFO 5043 --- [data-collector] [           main] p.a.d.i.web.MetaCallbackControllerTest   : The following 1 profile is active: "local"
2026-09-02T00:05:46.203+02:00  WARN 5043 --- [data-collector] [           main] o.s.w.c.s.GenericWebApplicationContext   : Exception encountered during context initialization - cancelling refresh attempt: org.springframework.beans.factory.UnsatisfiedDependencyException: Error creating bean with name 'testSecurityFilterChain' defined in pl.autopilot.datacollector.infrastructure.web.MetaCallbackControllerTest$TestSecurityConfig: Unsatisfied dependency expressed through method 'testSecurityFilterChain' parameter 0: No qualifying bean of type 'org.springframework.security.config.annotation.web.builders.HttpSecurity' available: expected at least 1 bean which qualifies as autowire candidate. Dependency annotations: {}



============================
CONDITIONS EVALUATION REPORT
============================


Positive matches:
-----------------

   DataWebAutoConfiguration matched:
      - @ConditionalOnClass found required classes 'org.springframework.data.web.PageableHandlerMethodArgumentResolver', 'org.springframework.web.servlet.config.annotation.WebMvcConfigurer' (OnClassCondition)
      - found 'session' scope (OnWebApplicationCondition)
      - @ConditionalOnMissingBean (types: org.springframework.data.web.PageableHandlerMethodArgumentResolver; SearchStrategy: all) did not find any beans (OnBeanCondition)

   DataWebAutoConfiguration#pageableCustomizer matched:
      - @ConditionalOnMissingBean (types: org.springframework.data.web.config.PageableHandlerMethodArgumentResolverCustomizer; SearchStrategy: all) did not find any beans (OnBeanCondition)

   DataWebAutoConfiguration#sortCustomizer matched:
      - @ConditionalOnMissingBean (types: org.springframework.data.web.config.SortHandlerMethodArgumentResolverCustomizer; SearchStrategy: all) did not find any beans (OnBeanCondition)

   DataWebAutoConfiguration#springDataWebSettings matched:
      - @ConditionalOnMissingBean (types: org.springframework.data.web.config.SpringDataWebSettings; SearchStrategy: all) did not find any beans (OnBeanCondition)

   ErrorMvcAutoConfiguration matched:
      - @ConditionalOnClass found required classes 'jakarta.servlet.Servlet', 'org.springframework.web.servlet.DispatcherServlet' (OnClassCondition)
      - found 'session' scope (OnWebApplicationCondition)

   ErrorMvcAutoConfiguration#basicErrorController matched:
      - @ConditionalOnMissingBean (types: org.springframework.boot.webmvc.error.ErrorController; SearchStrategy: current) did not find any beans (OnBeanCondition)

   ErrorMvcAutoConfiguration#errorAttributes matched:
      - @ConditionalOnMissingBean (types: org.springframework.boot.webmvc.error.ErrorAttributes; SearchStrategy: current) did not find any beans (OnBeanCondition)

   ErrorMvcAutoConfiguration.WhitelabelErrorViewConfiguration matched:
      - @ConditionalOnBooleanProperty (spring.web.error.whitelabel.enabled=true) matched (OnPropertyCondition)
      - ErrorTemplate Missing did not find error template view (ErrorMvcAutoConfiguration.ErrorTemplateMissingCondition)

   ErrorMvcAutoConfiguration.WhitelabelErrorViewConfiguration#beanNameViewResolver matched:
      - @ConditionalOnMissingBean (types: org.springframework.web.servlet.view.BeanNameViewResolver; SearchStrategy: all) did not find any beans (OnBeanCondition)

   ErrorMvcAutoConfiguration.WhitelabelErrorViewConfiguration#defaultErrorView matched:
      - @ConditionalOnMissingBean (names: error; SearchStrategy: all) did not find any beans (OnBeanCondition)

   HttpEncodingAutoConfiguration matched:
      - @ConditionalOnClass found required class 'org.springframework.web.filter.CharacterEncodingFilter' (OnClassCondition)
      - found 'session' scope (OnWebApplicationCondition)
      - @ConditionalOnBooleanProperty (spring.servlet.encoding.enabled=true) matched (OnPropertyCondition)

   HttpEncodingAutoConfiguration#characterEncodingFilter matched:
      - @ConditionalOnMissingBean (types: org.springframework.web.filter.CharacterEncodingFilter; SearchStrategy: all) did not find any beans (OnBeanCondition)

   HttpMessageConvertersAutoConfiguration matched:
      - @ConditionalOnClass found required class 'org.springframework.http.converter.HttpMessageConverter' (OnClassCondition)
      - NoneNestedConditions 0 matched 1 did not; NestedCondition on HttpMessageConvertersAutoConfiguration.NotReactiveWebApplicationCondition.ReactiveWebApplication not a reactive web application (HttpMessageConvertersAutoConfiguration.NotReactiveWebApplicationCondition)

   HttpMessageConvertersAutoConfiguration.StringHttpMessageConverterConfiguration#stringHttpMessageConvertersCustomizer matched:
      - @ConditionalOnMissingBean (types: org.springframework.http.converter.StringHttpMessageConverter; SearchStrategy: all) did not find any beans (OnBeanCondition)

   JacksonAutoConfiguration matched:
      - @ConditionalOnClass found required class 'tools.jackson.databind.json.JsonMapper' (OnClassCondition)

   JacksonAutoConfiguration#jacksonJsonMapper matched:
      - @ConditionalOnMissingBean (types: tools.jackson.databind.json.JsonMapper; SearchStrategy: all) did not find any beans (OnBeanCondition)

   JacksonAutoConfiguration#jsonMapperBuilder matched:
      - @ConditionalOnMissingBean (types: tools.jackson.databind.json.JsonMapper$Builder; SearchStrategy: all) did not find any beans (OnBeanCondition)

   JacksonAutoConfiguration.JsonProblemDetailsConfiguration matched:
      - @ConditionalOnClass found required class 'org.springframework.http.ProblemDetail' (OnClassCondition)

   JacksonHttpMessageConvertersConfiguration.JacksonJsonHttpMessageConverterConfiguration matched:
      - @ConditionalOnClass found required class 'tools.jackson.databind.json.JsonMapper' (OnClassCondition)
      - @ConditionalOnProperty (spring.http.converters.preferred-json-mapper=jackson) matched (OnPropertyCondition)
      - @ConditionalOnBean (types: tools.jackson.databind.json.JsonMapper; SearchStrategy: all) found bean 'jacksonJsonMapper' (OnBeanCondition)

   JacksonHttpMessageConvertersConfiguration.JacksonJsonHttpMessageConverterConfiguration#jacksonJsonHttpMessageConvertersCustomizer matched:
      - @ConditionalOnMissingBean (types: org.springframework.http.converter.json.JacksonJsonHttpMessageConverter ignored: org.springframework.hateoas.server.mvc.TypeConstrainedJacksonJsonHttpMessageConverter,org.springframework.data.rest.webmvc.alps.AlpsJacksonJsonHttpMessageConverter; SearchStrategy: all) did not find any beans (OnBeanCondition)

   MockMvcAutoConfiguration matched:
      - found 'session' scope (OnWebApplicationCondition)

   MockMvcAutoConfiguration#dispatcherServlet matched:
      - @ConditionalOnMissingBean (types: org.springframework.web.servlet.DispatcherServlet; SearchStrategy: all) did not find any beans (OnBeanCondition)

   MockMvcAutoConfiguration#dispatcherServletPath matched:
      - @ConditionalOnMissingBean (types: org.springframework.boot.webmvc.autoconfigure.DispatcherServletPath; SearchStrategy: all) did not find any beans (OnBeanCondition)

   MockMvcConfiguration#mockMvc matched:
      - @ConditionalOnMissingBean (types: org.springframework.test.web.servlet.MockMvc; SearchStrategy: all) did not find any beans (OnBeanCondition)

   MockMvcConfiguration#mockMvcBuilder matched:
      - @ConditionalOnMissingBean (types: org.springframework.test.web.servlet.MockMvcBuilder; SearchStrategy: all) did not find any beans (OnBeanCondition)

   MockMvcTesterConfiguration matched:
      - @ConditionalOnClass found required class 'org.assertj.core.api.Assert' (OnClassCondition)

   MockMvcTesterConfiguration#mockMvcTester matched:
      - @ConditionalOnMissingBean (types: org.springframework.test.web.servlet.assertj.MockMvcTester; SearchStrategy: all) did not find any beans (OnBeanCondition)

   OAuth2ClientAutoConfiguration matched:
      - @ConditionalOnClass found required class 'org.springframework.security.oauth2.client.registration.ClientRegistration' (OnClassCondition)
      - NoneNestedConditions 0 matched 1 did not; NestedCondition on OAuth2ClientAutoConfiguration.NonReactiveWebApplicationCondition.ReactiveWebApplicationCondition not a reactive web application (OAuth2ClientAutoConfiguration.NonReactiveWebApplicationCondition)

   OAuth2ResourceServerAutoConfiguration matched:
      - @ConditionalOnClass found required class 'org.springframework.security.oauth2.server.resource.authentication.BearerTokenAuthenticationToken' (OnClassCondition)
      - found 'session' scope (OnWebApplicationCondition)

   OAuth2ResourceServerJwtConfiguration.JwtDecoderConfiguration matched:
      - @ConditionalOnMissingBean (types: org.springframework.security.oauth2.jwt.JwtDecoder; SearchStrategy: all) did not find any beans (OnBeanCondition)

   OAuth2ResourceServerJwtConfiguration.JwtDecoderConfiguration#jwtDecoderByIssuerUri matched:
      - OpenID Connect Issuer URI Condition found issuer-uri property (IssuerUriCondition)

   OAuth2ResourceServerOpaqueTokenConfiguration.OpaqueTokenIntrospectionClientConfiguration matched:
      - @ConditionalOnMissingBean (types: org.springframework.security.oauth2.server.resource.introspection.OpaqueTokenIntrospector; SearchStrategy: all) did not find any beans (OnBeanCondition)

   Oauth2ResourceServerConfiguration.JwtConfiguration matched:
      - @ConditionalOnClass found required class 'org.springframework.security.oauth2.jwt.JwtDecoder' (OnClassCondition)

   TaskExecutionAutoConfiguration matched:
      - @ConditionalOnClass found required class 'org.springframework.scheduling.concurrent.ThreadPoolTaskExecutor' (OnClassCondition)

   TaskExecutorConfigurations.AsyncConfigurerConfiguration matched:
      - @ConditionalOnMissingBean (types: org.springframework.scheduling.annotation.AsyncConfigurer; SearchStrategy: all) did not find any beans (OnBeanCondition)

   TaskExecutorConfigurations.SimpleAsyncTaskExecutorBuilderConfiguration#simpleAsyncTaskExecutorBuilder matched:
      - @ConditionalOnMissingBean (types: org.springframework.boot.task.SimpleAsyncTaskExecutorBuilder; SearchStrategy: all) did not find any beans (OnBeanCondition)
      - @ConditionalOnThreading found PLATFORM (OnThreadingCondition)

   TaskExecutorConfigurations.TaskExecutorConfiguration matched:
      - AnyNestedCondition 1 matched 1 did not; NestedCondition on TaskExecutorConfigurations.OnExecutorCondition.ModelCondition @ConditionalOnProperty (spring.task.execution.mode=force) did not find property 'spring.task.execution.mode'; NestedCondition on TaskExecutorConfigurations.OnExecutorCondition.ExecutorBeanCondition @ConditionalOnMissingBean (types: java.util.concurrent.Executor; SearchStrategy: all) did not find any beans (TaskExecutorConfigurations.OnExecutorCondition)

   TaskExecutorConfigurations.TaskExecutorConfiguration#applicationTaskExecutor matched:
      - @ConditionalOnThreading found PLATFORM (OnThreadingCondition)

   TaskExecutorConfigurations.ThreadPoolTaskExecutorBuilderConfiguration#threadPoolTaskExecutorBuilder matched:
      - @ConditionalOnMissingBean (types: org.springframework.boot.task.ThreadPoolTaskExecutorBuilder; SearchStrategy: all) did not find any beans (OnBeanCondition)

   ValidationAutoConfiguration matched:
      - @ConditionalOnClass found required class 'jakarta.validation.executable.ExecutableValidator' (OnClassCondition)
      - @ConditionalOnResource found location classpath:META-INF/services/jakarta.validation.spi.ValidationProvider (OnResourceCondition)

   ValidationAutoConfiguration#defaultValidator matched:
      - @ConditionalOnMissingBean (types: jakarta.validation.Validator; SearchStrategy: all) did not find any beans (OnBeanCondition)

   ValidationAutoConfiguration#methodValidationPostProcessor matched:
      - @ConditionalOnMissingBean (types: org.springframework.validation.beanvalidation.MethodValidationPostProcessor; SearchStrategy: current) did not find any beans (OnBeanCondition)

   WebMvcAutoConfiguration matched:
      - @ConditionalOnClass found required classes 'jakarta.servlet.Servlet', 'org.springframework.web.servlet.DispatcherServlet', 'org.springframework.web.servlet.config.annotation.WebMvcConfigurer' (OnClassCondition)
      - found 'session' scope (OnWebApplicationCondition)
      - @ConditionalOnMissingBean (types: org.springframework.web.servlet.config.annotation.WebMvcConfigurationSupport; SearchStrategy: all) did not find any beans (OnBeanCondition)

   WebMvcAutoConfiguration#formContentFilter matched:
      - @ConditionalOnBooleanProperty (spring.mvc.formcontent.filter.enabled=true) matched (OnPropertyCondition)
      - @ConditionalOnMissingBean (types: org.springframework.web.filter.FormContentFilter; SearchStrategy: all) did not find any beans (OnBeanCondition)

   WebMvcAutoConfiguration.EnableWebMvcConfiguration#flashMapManager matched:
      - @ConditionalOnMissingBean (names: flashMapManager; SearchStrategy: all) did not find any beans (OnBeanCondition)

   WebMvcAutoConfiguration.EnableWebMvcConfiguration#localeResolver matched:
      - @ConditionalOnMissingBean (names: localeResolver; SearchStrategy: all) did not find any beans (OnBeanCondition)

   WebMvcAutoConfiguration.EnableWebMvcConfiguration#viewNameTranslator matched:
      - @ConditionalOnMissingBean (names: viewNameTranslator; SearchStrategy: all) did not find any beans (OnBeanCondition)

   WebMvcAutoConfiguration.WebMvcAutoConfigurationAdapter#defaultViewResolver matched:
      - @ConditionalOnMissingBean (types: org.springframework.web.servlet.view.InternalResourceViewResolver; SearchStrategy: all) did not find any beans (OnBeanCondition)

   WebMvcAutoConfiguration.WebMvcAutoConfigurationAdapter#requestContextFilter matched:
      - @ConditionalOnMissingBean (types: org.springframework.web.context.request.RequestContextListener,org.springframework.web.filter.RequestContextFilter; SearchStrategy: all) did not find any beans (OnBeanCondition)

   WebMvcAutoConfiguration.WebMvcAutoConfigurationAdapter#viewResolver matched:
      - @ConditionalOnBean (types: org.springframework.web.servlet.ViewResolver; SearchStrategy: all) found beans 'defaultViewResolver', 'beanNameViewResolver', 'mvcViewResolver'; @ConditionalOnMissingBean (names: viewResolver types: org.springframework.web.servlet.view.ContentNegotiatingViewResolver; SearchStrategy: all) did not find any beans (OnBeanCondition)


Negative matches:
-----------------

   ErrorMvcAutoConfiguration.DefaultErrorViewResolverConfiguration#conventionErrorViewResolver:
      Did not match:
         - @ConditionalOnBean (types: org.springframework.web.servlet.DispatcherServlet; SearchStrategy: all) did not find any beans of type org.springframework.web.servlet.DispatcherServlet (OnBeanCondition)

   GsonHttpMessageConvertersConfiguration:
      Did not match:
         - @ConditionalOnClass did not find required class 'com.google.gson.Gson' (OnClassCondition)

   Jackson2HttpMessageConvertersConfiguration.MappingJackson2HttpMessageConverterConfiguration:
      Did not match:
         - AnyNestedCondition 0 matched 2 did not; NestedCondition on Jackson2HttpMessageConvertersConfiguration.PreferJackson2OrJacksonUnavailableCondition.JacksonUnavailable @ConditionalOnMissingBean (types: org.springframework.boot.http.converter.autoconfigure.JacksonHttpMessageConvertersConfiguration$JacksonJsonHttpMessageConvertersCustomizer; SearchStrategy: all) found beans of type 'org.springframework.boot.http.converter.autoconfigure.JacksonHttpMessageConvertersConfiguration$JacksonJsonHttpMessageConvertersCustomizer' jacksonJsonHttpMessageConvertersCustomizer; NestedCondition on Jackson2HttpMessageConvertersConfiguration.PreferJackson2OrJacksonUnavailableCondition.Jackson2Preferred @ConditionalOnProperty (spring.http.converters.preferred-json-mapper=jackson2) did not find property 'spring.http.converters.preferred-json-mapper' (Jackson2HttpMessageConvertersConfiguration.PreferJackson2OrJacksonUnavailableCondition)
      Matched:
         - @ConditionalOnClass found required class 'com.fasterxml.jackson.databind.ObjectMapper' (OnClassCondition)

   Jackson2HttpMessageConvertersConfiguration.MappingJackson2XmlHttpMessageConverterConfiguration:
      Did not match:
         - @ConditionalOnClass did not find required class 'com.fasterxml.jackson.dataformat.xml.XmlMapper' (OnClassCondition)

   JacksonAutoConfiguration.CborConfiguration:
      Did not match:
         - @ConditionalOnClass did not find required class 'tools.jackson.dataformat.cbor.CBORMapper' (OnClassCondition)

   JacksonAutoConfiguration.XmlConfiguration:
      Did not match:
         - @ConditionalOnClass did not find required class 'tools.jackson.dataformat.xml.XmlMapper' (OnClassCondition)

   JacksonHttpMessageConvertersConfiguration.JacksonXmlHttpMessageConverterConfiguration:
      Did not match:
         - @ConditionalOnClass did not find required class 'tools.jackson.dataformat.xml.XmlMapper' (OnClassCondition)

   JsonbHttpMessageConvertersConfiguration:
      Did not match:
         - @ConditionalOnClass did not find required class 'jakarta.json.bind.Jsonb' (OnClassCondition)

   KotlinSerializationHttpMessageConvertersConfiguration:
      Did not match:
         - @ConditionalOnClass did not find required classes 'kotlinx.serialization.Serializable', 'kotlinx.serialization.json.Json' (OnClassCondition)

   MessageSourceAutoConfiguration:
      Did not match:
         - ResourceBundle did not find bundle with basename messages (MessageSourceAutoConfiguration.ResourceBundleCondition)

   MockMvcWebClientAutoConfiguration:
      Did not match:
         - @ConditionalOnClass did not find required class 'org.htmlunit.WebClient' (OnClassCondition)

   MockMvcWebDriverAutoConfiguration:
      Did not match:
         - @ConditionalOnClass did not find required class 'org.openqa.selenium.htmlunit.HtmlUnitDriver' (OnClassCondition)

   OAuth2ClientConfigurations.ClientRegistrationRepositoryConfiguration:
      Did not match:
         - OAuth2 Clients Configured Condition registered clients is not available (ClientsConfiguredCondition)

   OAuth2ClientConfigurations.OAuth2AuthorizedClientServiceConfiguration:
      Did not match:
         - @ConditionalOnBean (types: org.springframework.security.oauth2.client.registration.ClientRegistrationRepository; SearchStrategy: all) did not find any beans of type org.springframework.security.oauth2.client.registration.ClientRegistrationRepository (OnBeanCondition)

   OAuth2ClientWebSecurityAutoConfiguration:
      Did not match:
         - @ConditionalOnBean (types: org.springframework.security.oauth2.client.OAuth2AuthorizedClientService; SearchStrategy: all) did not find any beans of type org.springframework.security.oauth2.client.OAuth2AuthorizedClientService (OnBeanCondition)
      Matched:
         - @ConditionalOnClass found required classes 'org.springframework.security.config.annotation.web.configuration.EnableWebSecurity', 'org.springframework.security.oauth2.client.web.OAuth2AuthorizedClientRepository' (OnClassCondition)
         - found 'session' scope (OnWebApplicationCondition)

   OAuth2ResourceServerJwtConfiguration.JwtConverterConfiguration:
      Did not match:
         - AnyNestedCondition 0 matched 3 did not; NestedCondition on OAuth2ResourceServerJwtConfiguration.JwtConverterPropertiesCondition.OnAuthoritiesClaimName @ConditionalOnProperty (spring.security.oauth2.resourceserver.jwt.authorities-claim-name) did not find property 'spring.security.oauth2.resourceserver.jwt.authorities-claim-name'; NestedCondition on OAuth2ResourceServerJwtConfiguration.JwtConverterPropertiesCondition.OnPrincipalClaimName @ConditionalOnProperty (spring.security.oauth2.resourceserver.jwt.principal-claim-name) did not find property 'spring.security.oauth2.resourceserver.jwt.principal-claim-name'; NestedCondition on OAuth2ResourceServerJwtConfiguration.JwtConverterPropertiesCondition.OnAuthorityPrefix @ConditionalOnProperty (spring.security.oauth2.resourceserver.jwt.authority-prefix) did not find property 'spring.security.oauth2.resourceserver.jwt.authority-prefix' (OAuth2ResourceServerJwtConfiguration.JwtConverterPropertiesCondition)

   OAuth2ResourceServerJwtConfiguration.JwtDecoderConfiguration#jwtDecoderByJwkKeySetUri:
      Did not match:
         - @ConditionalOnProperty (spring.security.oauth2.resourceserver.jwt.jwk-set-uri) did not find property 'spring.security.oauth2.resourceserver.jwt.jwk-set-uri' (OnPropertyCondition)

   OAuth2ResourceServerJwtConfiguration.JwtDecoderConfiguration#jwtDecoderByPublicKeyValue:
      Did not match:
         - Public Key Value Condition did not find public-key-location property (KeyValueCondition)

   OAuth2ResourceServerJwtConfiguration.OAuth2SecurityFilterChainConfiguration:
      Did not match:
         - AllNestedConditions 1 matched 1 did not; NestedCondition on DefaultWebSecurityCondition.Beans @ConditionalOnMissingBean (types: org.springframework.security.web.SecurityFilterChain; SearchStrategy: all) found beans of type 'org.springframework.security.web.SecurityFilterChain' testSecurityFilterChain; NestedCondition on DefaultWebSecurityCondition.Classes @ConditionalOnClass found required classes 'org.springframework.security.web.SecurityFilterChain', 'org.springframework.security.config.annotation.web.builders.HttpSecurity' (DefaultWebSecurityCondition)

   OAuth2ResourceServerOpaqueTokenConfiguration.OAuth2SecurityFilterChainConfiguration:
      Did not match:
         - AllNestedConditions 1 matched 1 did not; NestedCondition on DefaultWebSecurityCondition.Beans @ConditionalOnMissingBean (types: org.springframework.security.web.SecurityFilterChain; SearchStrategy: all) found beans of type 'org.springframework.security.web.SecurityFilterChain' testSecurityFilterChain; NestedCondition on DefaultWebSecurityCondition.Classes @ConditionalOnClass found required classes 'org.springframework.security.web.SecurityFilterChain', 'org.springframework.security.config.annotation.web.builders.HttpSecurity' (DefaultWebSecurityCondition)

   OAuth2ResourceServerOpaqueTokenConfiguration.OpaqueTokenIntrospectionClientConfiguration#opaqueTokenIntrospector:
      Did not match:
         - @ConditionalOnProperty (spring.security.oauth2.resourceserver.opaquetoken.introspection-uri) did not find property 'spring.security.oauth2.resourceserver.opaquetoken.introspection-uri' (OnPropertyCondition)

   TaskExecutorConfigurations.AsyncConfigurerWrapperConfiguration:
      Did not match:
         - @ConditionalOnBean (types: org.springframework.scheduling.annotation.AsyncConfigurer; SearchStrategy: all) did not find any beans of type org.springframework.scheduling.annotation.AsyncConfigurer (OnBeanCondition)

   TaskExecutorConfigurations.SimpleAsyncTaskExecutorBuilderConfiguration#simpleAsyncTaskExecutorBuilderVirtualThreads:
      Did not match:
         - @ConditionalOnMissingBean (types: org.springframework.boot.task.SimpleAsyncTaskExecutorBuilder; SearchStrategy: all) found beans of type 'org.springframework.boot.task.SimpleAsyncTaskExecutorBuilder' simpleAsyncTaskExecutorBuilder (OnBeanCondition)

   TaskExecutorConfigurations.TaskExecutorConfiguration#applicationTaskExecutorVirtualThreads:
      Did not match:
         - @ConditionalOnThreading did not find VIRTUAL (OnThreadingCondition)

   WebMvcAutoConfiguration#hiddenHttpMethodFilter:
      Did not match:
         - @ConditionalOnBooleanProperty (spring.mvc.hiddenmethod.filter.enabled=true) did not find property 'spring.mvc.hiddenmethod.filter.enabled' (OnPropertyCondition)

   WebMvcAutoConfiguration.ProblemDetailsErrorHandlingConfiguration:
      Did not match:
         - @ConditionalOnBooleanProperty (spring.mvc.problemdetails.enabled=true) did not find property 'spring.mvc.problemdetails.enabled' (OnPropertyCondition)

   WebMvcAutoConfiguration.ResourceChainCustomizerConfiguration:
      Did not match:
         - @ConditionalOnEnabledResourceChain did not find class org.webjars.WebJarVersionLocator (OnEnabledResourceChainCondition)

   WebMvcAutoConfiguration.WebMvcAutoConfigurationAdapter#beanNameViewResolver:
      Did not match:
         - @ConditionalOnMissingBean (types: org.springframework.web.servlet.view.BeanNameViewResolver; SearchStrategy: all) found beans of type 'org.springframework.web.servlet.view.BeanNameViewResolver' beanNameViewResolver (OnBeanCondition)


Exclusions:
-----------

    None


Unconditional classes:
----------------------

    None



2026-09-02T00:05:46.265+02:00  INFO 5043 --- [data-collector] [           main] .s.b.a.l.ConditionEvaluationReportLogger : 

Error starting ApplicationContext. To display the condition evaluation report re-run your application with 'debug' enabled.
2026-09-02T00:05:46.316+02:00 ERROR 5043 --- [data-collector] [           main] o.s.b.d.LoggingFailureAnalysisReporter   : 

***************************
APPLICATION FAILED TO START
***************************

Description:

Parameter 0 of method testSecurityFilterChain in pl.autopilot.datacollector.infrastructure.web.MetaCallbackControllerTest$TestSecurityConfig required a bean of type 'org.springframework.security.config.annotation.web.builders.HttpSecurity' that could not be found.


Action:

Consider defining a bean of type 'org.springframework.security.config.annotation.web.builders.HttpSecurity' in your configuration.

2026-09-02T00:05:46.319+02:00  WARN 5043 --- [data-collector] [           main] o.s.test.context.TestContextManager      : Caught exception while allowing TestExecutionListener [org.springframework.test.context.support.DependencyInjectionTestExecutionListener] to prepare test instance [pl.autopilot.datacollector.infrastructure.web.MetaCallbackControllerTest@58601e7a]

java.lang.IllegalStateException: Failed to load ApplicationContext for [WebMergedContextConfiguration@7f5ce33e testClass = pl.autopilot.datacollector.infrastructure.web.MetaCallbackControllerTest, locations = [], classes = [pl.autopilot.datacollector.DataCollectorApplication, pl.autopilot.datacollector.infrastructure.web.MetaCallbackControllerTest.TestSecurityConfig], contextInitializerClasses = [], activeProfiles = [], propertySourceDescriptors = [], propertySourceProperties = ["org.springframework.boot.webmvc.test.autoconfigure.WebMvcTestContextBootstrapper=true"], contextCustomizers = [org.springframework.test.context.support.DynamicPropertiesContextCustomizer@0, org.springframework.boot.webmvc.test.autoconfigure.WebDriverContextCustomizer@57a4d5ee, org.springframework.boot.test.autoconfigure.OnFailureConditionReportContextCustomizerFactory$OnFailureConditionReportContextCustomizer@36dce7ed, org.springframework.boot.test.autoconfigure.OverrideAutoConfigurationContextCustomizerFactory$DisableAutoConfigurationContextCustomizer@33aa93c, org.springframework.boot.web.server.context.SpringBootTestRandomPortContextCustomizer@70f43b45, [ImportsContextCustomizer@638afcaa key = [org.springframework.boot.autoconfigure.task.TaskExecutionAutoConfiguration, org.springframework.boot.webmvc.test.autoconfigure.MockMvcWebDriverAutoConfiguration, org.springframework.boot.autoconfigure.context.MessageSourceAutoConfiguration, org.springframework.boot.security.oauth2.server.resource.autoconfigure.servlet.OAuth2ResourceServerAutoConfiguration, org.springframework.boot.security.oauth2.client.autoconfigure.servlet.OAuth2ClientWebSecurityAutoConfiguration, org.springframework.boot.data.autoconfigure.web.DataWebAutoConfiguration, org.springframework.boot.security.oauth2.client.autoconfigure.OAuth2ClientAutoConfiguration, org.springframework.boot.webmvc.autoconfigure.error.ErrorMvcAutoConfiguration, org.springframework.boot.validation.autoconfigure.ValidationAutoConfiguration, org.springframework.boot.webmvc.autoconfigure.WebMvcAutoConfiguration, org.springframework.boot.http.converter.autoconfigure.HttpMessageConvertersAutoConfiguration, org.springframework.boot.jackson.autoconfigure.JacksonAutoConfiguration, org.springframework.boot.webmvc.test.autoconfigure.MockMvcWebClientAutoConfiguration, pl.autopilot.datacollector.infrastructure.web.MetaCallbackControllerTest$TestSecurityConfig, org.springframework.boot.servlet.autoconfigure.HttpEncodingAutoConfiguration, org.springframework.boot.webmvc.test.autoconfigure.MockMvcAutoConfiguration]], org.springframework.boot.test.context.PropertyMappingContextCustomizer@2d298995, org.springframework.boot.test.context.filter.ExcludeFilterContextCustomizer@632aa1a3, org.springframework.boot.test.context.filter.annotation.TypeExcludeFiltersContextCustomizer@46ef5b2d, org.springframework.boot.test.http.client.DisableReactorResourceFactoryGlobalResourcesContextCustomizerFactory$DisableReactorResourceFactoryGlobalResourcesContextCustomizerCustomizer@742d4e15, org.springframework.boot.test.json.DuplicateJsonObjectContextCustomizerFactory$DuplicateJsonObjectContextCustomizer@4163f1cd, org.springframework.boot.test.context.SpringBootTestAnnotation@bad14aa1], resourceBasePath = "src/main/webapp", contextLoader = org.springframework.boot.test.context.SpringBootContextLoader, parent = null]
	at org.springframework.test.context.cache.DefaultCacheAwareContextLoaderDelegate.lambda$loadContext$0(DefaultCacheAwareContextLoaderDelegate.java:195) ~[spring-test-7.0.7.jar:7.0.7]
	at org.springframework.test.context.cache.DefaultContextCache.put(DefaultContextCache.java:214) ~[spring-test-7.0.7.jar:7.0.7]
	at org.springframework.test.context.cache.DefaultCacheAwareContextLoaderDelegate.loadContext(DefaultCacheAwareContextLoaderDelegate.java:160) ~[spring-test-7.0.7.jar:7.0.7]
	at org.springframework.test.context.support.DefaultTestContext.getApplicationContext(DefaultTestContext.java:128) ~[spring-test-7.0.7.jar:7.0.7]
	at org.springframework.test.context.support.DependencyInjectionTestExecutionListener.injectDependencies(DependencyInjectionTestExecutionListener.java:156) ~[spring-test-7.0.7.jar:7.0.7]
	at org.springframework.test.context.support.DependencyInjectionTestExecutionListener.prepareTestInstance(DependencyInjectionTestExecutionListener.java:111) ~[spring-test-7.0.7.jar:7.0.7]
	at org.springframework.test.context.TestContextManager.prepareTestInstance(TestContextManager.java:260) ~[spring-test-7.0.7.jar:7.0.7]
	at org.springframework.test.context.junit.jupiter.SpringExtension.postProcessTestInstance(SpringExtension.java:242) ~[spring-test-7.0.7.jar:7.0.7]
	at org.junit.jupiter.engine.descriptor.ClassBasedTestDescriptor.lambda$invokeTestInstancePostProcessors$1(ClassBasedTestDescriptor.java:423) ~[junit-jupiter-engine-6.0.3.jar:6.0.3]
	at org.junit.jupiter.engine.descriptor.ClassBasedTestDescriptor.executeAndMaskThrowable(ClassBasedTestDescriptor.java:428) ~[junit-jupiter-engine-6.0.3.jar:6.0.3]
	at org.junit.jupiter.engine.descriptor.ClassBasedTestDescriptor.lambda$invokeTestInstancePostProcessors$0(ClassBasedTestDescriptor.java:422) ~[junit-jupiter-engine-6.0.3.jar:6.0.3]
	at java.base/java.util.stream.ForEachOps$ForEachOp$OfRef.accept(ForEachOps.java:186) ~[na:na]
	at java.base/java.util.stream.ReferencePipeline$3$1.accept(ReferencePipeline.java:214) ~[na:na]
	at java.base/java.util.stream.ReferencePipeline$2$1.accept(ReferencePipeline.java:197) ~[na:na]
	at java.base/java.util.stream.ReferencePipeline$3$1.accept(ReferencePipeline.java:214) ~[na:na]
	at java.base/java.util.ArrayList$ArrayListSpliterator.forEachRemaining(ArrayList.java:1724) ~[na:na]
	at java.base/java.util.stream.AbstractPipeline.copyInto(AbstractPipeline.java:570) ~[na:na]
	at java.base/java.util.stream.AbstractPipeline.wrapAndCopyInto(AbstractPipeline.java:560) ~[na:na]
	at java.base/java.util.stream.ForEachOps$ForEachOp.evaluateSequential(ForEachOps.java:153) ~[na:na]
	at java.base/java.util.stream.ForEachOps$ForEachOp$OfRef.evaluateSequential(ForEachOps.java:176) ~[na:na]
	at java.base/java.util.stream.AbstractPipeline.evaluate(AbstractPipeline.java:265) ~[na:na]
	at java.base/java.util.stream.ReferencePipeline.forEach(ReferencePipeline.java:632) ~[na:na]
	at org.junit.jupiter.engine.descriptor.ClassBasedTestDescriptor.invokeTestInstancePostProcessors(ClassBasedTestDescriptor.java:422) ~[junit-jupiter-engine-6.0.3.jar:6.0.3]
	at org.junit.jupiter.engine.descriptor.ClassBasedTestDescriptor.lambda$instantiateAndPostProcessTestInstance$0(ClassBasedTestDescriptor.java:334) ~[junit-jupiter-engine-6.0.3.jar:6.0.3]
	at org.junit.platform.engine.support.hierarchical.ThrowableCollector.execute(ThrowableCollector.java:74) ~[junit-platform-engine-6.0.3.jar:6.0.3]
	at org.junit.jupiter.engine.descriptor.ClassBasedTestDescriptor.instantiateAndPostProcessTestInstance(ClassBasedTestDescriptor.java:333) ~[junit-jupiter-engine-6.0.3.jar:6.0.3]
	at org.junit.jupiter.engine.descriptor.ClassBasedTestDescriptor.lambda$testInstancesProvider$1(ClassBasedTestDescriptor.java:322) ~[junit-jupiter-engine-6.0.3.jar:6.0.3]
	at java.base/java.util.Optional.orElseGet(Optional.java:368) ~[na:na]
	at org.junit.jupiter.engine.descriptor.ClassBasedTestDescriptor.lambda$testInstancesProvider$0(ClassBasedTestDescriptor.java:321) ~[junit-jupiter-engine-6.0.3.jar:6.0.3]
	at org.junit.jupiter.engine.execution.TestInstancesProvider.getTestInstances(TestInstancesProvider.java:27) ~[junit-jupiter-engine-6.0.3.jar:6.0.3]
	at org.junit.jupiter.engine.descriptor.TestMethodTestDescriptor.lambda$prepare$0(TestMethodTestDescriptor.java:127) ~[junit-jupiter-engine-6.0.3.jar:6.0.3]
	at org.junit.platform.engine.support.hierarchical.ThrowableCollector.execute(ThrowableCollector.java:74) ~[junit-platform-engine-6.0.3.jar:6.0.3]
	at org.junit.jupiter.engine.descriptor.TestMethodTestDescriptor.prepare(TestMethodTestDescriptor.java:126) ~[junit-jupiter-engine-6.0.3.jar:6.0.3]
	at org.junit.jupiter.engine.descriptor.TestMethodTestDescriptor.prepare(TestMethodTestDescriptor.java:70) ~[junit-jupiter-engine-6.0.3.jar:6.0.3]
	at org.junit.platform.engine.support.hierarchical.NodeTestTask.lambda$prepare$0(NodeTestTask.java:144) ~[junit-platform-engine-6.0.3.jar:6.0.3]
	at org.junit.platform.engine.support.hierarchical.ThrowableCollector.execute(ThrowableCollector.java:74) ~[junit-platform-engine-6.0.3.jar:6.0.3]
	at org.junit.platform.engine.support.hierarchical.NodeTestTask.prepare(NodeTestTask.java:144) ~[junit-platform-engine-6.0.3.jar:6.0.3]
	at org.junit.platform.engine.support.hierarchical.NodeTestTask.execute(NodeTestTask.java:110) ~[junit-platform-engine-6.0.3.jar:6.0.3]
	at java.base/java.util.ArrayList.forEach(ArrayList.java:1612) ~[na:na]
	at org.junit.platform.engine.support.hierarchical.SameThreadHierarchicalTestExecutorService.invokeAll(SameThreadHierarchicalTestExecutorService.java:42) ~[junit-platform-engine-6.0.3.jar:6.0.3]
	at org.junit.platform.engine.support.hierarchical.NodeTestTask.lambda$executeRecursively$2(NodeTestTask.java:180) ~[junit-platform-engine-6.0.3.jar:6.0.3]
	at org.junit.platform.engine.support.hierarchical.ThrowableCollector.execute(ThrowableCollector.java:74) ~[junit-platform-engine-6.0.3.jar:6.0.3]
	at org.junit.platform.engine.support.hierarchical.NodeTestTask.lambda$executeRecursively$1(NodeTestTask.java:166) ~[junit-platform-engine-6.0.3.jar:6.0.3]
	at org.junit.platform.engine.support.hierarchical.Node.around(Node.java:138) ~[junit-platform-engine-6.0.3.jar:6.0.3]
	at org.junit.platform.engine.support.hierarchical.NodeTestTask.lambda$executeRecursively$0(NodeTestTask.java:164) ~[junit-platform-engine-6.0.3.jar:6.0.3]
	at org.junit.platform.engine.support.hierarchical.ThrowableCollector.execute(ThrowableCollector.java:74) ~[junit-platform-engine-6.0.3.jar:6.0.3]
	at org.junit.platform.engine.support.hierarchical.NodeTestTask.executeRecursively(NodeTestTask.java:163) ~[junit-platform-engine-6.0.3.jar:6.0.3]
	at org.junit.platform.engine.support.hierarchical.NodeTestTask.execute(NodeTestTask.java:116) ~[junit-platform-engine-6.0.3.jar:6.0.3]
	at java.base/java.util.ArrayList.forEach(ArrayList.java:1612) ~[na:na]
	at org.junit.platform.engine.support.hierarchical.SameThreadHierarchicalTestExecutorService.invokeAll(SameThreadHierarchicalTestExecutorService.java:42) ~[junit-platform-engine-6.0.3.jar:6.0.3]
	at org.junit.platform.engine.support.hierarchical.NodeTestTask.lambda$executeRecursively$2(NodeTestTask.java:180) ~[junit-platform-engine-6.0.3.jar:6.0.3]
	at org.junit.platform.engine.support.hierarchical.ThrowableCollector.execute(ThrowableCollector.java:74) ~[junit-platform-engine-6.0.3.jar:6.0.3]
	at org.junit.platform.engine.support.hierarchical.NodeTestTask.lambda$executeRecursively$1(NodeTestTask.java:166) ~[junit-platform-engine-6.0.3.jar:6.0.3]
	at org.junit.platform.engine.support.hierarchical.Node.around(Node.java:138) ~[junit-platform-engine-6.0.3.jar:6.0.3]
	at org.junit.platform.engine.support.hierarchical.NodeTestTask.lambda$executeRecursively$0(NodeTestTask.java:164) ~[junit-platform-engine-6.0.3.jar:6.0.3]
	at org.junit.platform.engine.support.hierarchical.ThrowableCollector.execute(ThrowableCollector.java:74) ~[junit-platform-engine-6.0.3.jar:6.0.3]
	at org.junit.platform.engine.support.hierarchical.NodeTestTask.executeRecursively(NodeTestTask.java:163) ~[junit-platform-engine-6.0.3.jar:6.0.3]
	at org.junit.platform.engine.support.hierarchical.NodeTestTask.execute(NodeTestTask.java:116) ~[junit-platform-engine-6.0.3.jar:6.0.3]
	at org.junit.platform.engine.support.hierarchical.SameThreadHierarchicalTestExecutorService.submit(SameThreadHierarchicalTestExecutorService.java:36) ~[junit-platform-engine-6.0.3.jar:6.0.3]
	at org.junit.platform.engine.support.hierarchical.HierarchicalTestExecutor.execute(HierarchicalTestExecutor.java:52) ~[junit-platform-engine-6.0.3.jar:6.0.3]
	at org.junit.platform.engine.support.hierarchical.HierarchicalTestEngine.execute(HierarchicalTestEngine.java:58) ~[junit-platform-engine-6.0.3.jar:6.0.3]
	at org.junit.platform.launcher.core.EngineExecutionOrchestrator.executeEngine(EngineExecutionOrchestrator.java:246) ~[junit-platform-launcher-6.0.3.jar:6.0.3]
	at org.junit.platform.launcher.core.EngineExecutionOrchestrator.failOrExecuteEngine(EngineExecutionOrchestrator.java:218) ~[junit-platform-launcher-6.0.3.jar:6.0.3]
	at org.junit.platform.launcher.core.EngineExecutionOrchestrator.execute(EngineExecutionOrchestrator.java:179) ~[junit-platform-launcher-6.0.3.jar:6.0.3]
	at org.junit.platform.launcher.core.EngineExecutionOrchestrator.execute(EngineExecutionOrchestrator.java:108) ~[junit-platform-launcher-6.0.3.jar:6.0.3]
	at org.junit.platform.launcher.core.EngineExecutionOrchestrator.lambda$execute$0(EngineExecutionOrchestrator.java:66) ~[junit-platform-launcher-6.0.3.jar:6.0.3]
	at org.junit.platform.launcher.core.EngineExecutionOrchestrator.withInterceptedStreams(EngineExecutionOrchestrator.java:157) ~[junit-platform-launcher-6.0.3.jar:6.0.3]
	at org.junit.platform.launcher.core.EngineExecutionOrchestrator.execute(EngineExecutionOrchestrator.java:65) ~[junit-platform-launcher-6.0.3.jar:6.0.3]
	at org.junit.platform.launcher.core.DefaultLauncher.execute(DefaultLauncher.java:125) ~[junit-platform-launcher-6.0.3.jar:6.0.3]
	at org.junit.platform.launcher.core.DefaultLauncher.execute(DefaultLauncher.java:114) ~[junit-platform-launcher-6.0.3.jar:6.0.3]
	at org.junit.platform.launcher.core.DelegatingLauncher.execute(DelegatingLauncher.java:58) ~[junit-platform-launcher-6.0.3.jar:6.0.3]
	at org.junit.platform.launcher.core.InterceptingLauncher.lambda$execute$2(InterceptingLauncher.java:57) ~[junit-platform-launcher-6.0.3.jar:6.0.3]
	at org.junit.platform.launcher.core.ClasspathAlignmentCheckingLauncherInterceptor.intercept(ClasspathAlignmentCheckingLauncherInterceptor.java:25) ~[junit-platform-launcher-6.0.3.jar:6.0.3]
	at org.junit.platform.launcher.core.InterceptingLauncher.execute(InterceptingLauncher.java:56) ~[junit-platform-launcher-6.0.3.jar:6.0.3]
	at org.junit.platform.launcher.core.DelegatingLauncher.execute(DelegatingLauncher.java:58) ~[junit-platform-launcher-6.0.3.jar:6.0.3]
	at java.base/jdk.internal.reflect.DirectMethodHandleAccessor.invoke(DirectMethodHandleAccessor.java:104) ~[na:na]
	at java.base/java.lang.reflect.Method.invoke(Method.java:565) ~[na:na]
	at org.apache.maven.surefire.api.util.ReflectionUtils.invokeMethodWithArray(ReflectionUtils.java:125) ~[surefire-api-3.5.5.jar:3.5.5]
	at org.apache.maven.surefire.junitplatform.LauncherAdapter.executeWithCancellationToken(LauncherAdapter.java:68) ~[surefire-junit-platform-3.5.5.jar:3.5.5]
	at org.apache.maven.surefire.junitplatform.LauncherAdapter.execute(LauncherAdapter.java:54) ~[surefire-junit-platform-3.5.5.jar:3.5.5]
	at org.apache.maven.surefire.junitplatform.JUnitPlatformProvider.execute(JUnitPlatformProvider.java:203) ~[surefire-junit-platform-3.5.5.jar:3.5.5]
	at org.apache.maven.surefire.junitplatform.JUnitPlatformProvider.invokeAllTests(JUnitPlatformProvider.java:168) ~[surefire-junit-platform-3.5.5.jar:3.5.5]
	at org.apache.maven.surefire.junitplatform.JUnitPlatformProvider.invoke(JUnitPlatformProvider.java:136) ~[surefire-junit-platform-3.5.5.jar:3.5.5]
	at org.apache.maven.surefire.booter.ForkedBooter.runSuitesInProcess(ForkedBooter.java:385) ~[surefire-booter-3.5.5.jar:3.5.5]
	at org.apache.maven.surefire.booter.ForkedBooter.execute(ForkedBooter.java:162) ~[surefire-booter-3.5.5.jar:3.5.5]
	at org.apache.maven.surefire.booter.ForkedBooter.run(ForkedBooter.java:507) ~[surefire-booter-3.5.5.jar:3.5.5]
	at org.apache.maven.surefire.booter.ForkedBooter.main(ForkedBooter.java:495) ~[surefire-booter-3.5.5.jar:3.5.5]
Caused by: org.springframework.beans.factory.UnsatisfiedDependencyException: Error creating bean with name 'testSecurityFilterChain' defined in pl.autopilot.datacollector.infrastructure.web.MetaCallbackControllerTest$TestSecurityConfig: Unsatisfied dependency expressed through method 'testSecurityFilterChain' parameter 0: No qualifying bean of type 'org.springframework.security.config.annotation.web.builders.HttpSecurity' available: expected at least 1 bean which qualifies as autowire candidate. Dependency annotations: {}
	at org.springframework.beans.factory.support.ConstructorResolver.createArgumentArray(ConstructorResolver.java:804) ~[spring-beans-7.0.7.jar:7.0.7]
	at org.springframework.beans.factory.support.ConstructorResolver.instantiateUsingFactoryMethod(ConstructorResolver.java:546) ~[spring-beans-7.0.7.jar:7.0.7]
	at org.springframework.beans.factory.support.AbstractAutowireCapableBeanFactory.instantiateUsingFactoryMethod(AbstractAutowireCapableBeanFactory.java:1362) ~[spring-beans-7.0.7.jar:7.0.7]
	at org.springframework.beans.factory.support.AbstractAutowireCapableBeanFactory.createBeanInstance(AbstractAutowireCapableBeanFactory.java:1194) ~[spring-beans-7.0.7.jar:7.0.7]
	at org.springframework.beans.factory.support.AbstractAutowireCapableBeanFactory.doCreateBean(AbstractAutowireCapableBeanFactory.java:565) ~[spring-beans-7.0.7.jar:7.0.7]
	at org.springframework.beans.factory.support.AbstractAutowireCapableBeanFactory.createBean(AbstractAutowireCapableBeanFactory.java:525) ~[spring-beans-7.0.7.jar:7.0.7]
	at org.springframework.beans.factory.support.AbstractBeanFactory.lambda$doGetBean$0(AbstractBeanFactory.java:333) ~[spring-beans-7.0.7.jar:7.0.7]
	at org.springframework.beans.factory.support.DefaultSingletonBeanRegistry.getSingleton(DefaultSingletonBeanRegistry.java:371) ~[spring-beans-7.0.7.jar:7.0.7]
	at org.springframework.beans.factory.support.AbstractBeanFactory.doGetBean(AbstractBeanFactory.java:331) ~[spring-beans-7.0.7.jar:7.0.7]
	at org.springframework.beans.factory.support.AbstractBeanFactory.getBean(AbstractBeanFactory.java:196) ~[spring-beans-7.0.7.jar:7.0.7]
	at org.springframework.beans.factory.support.DefaultListableBeanFactory.instantiateSingleton(DefaultListableBeanFactory.java:1218) ~[spring-beans-7.0.7.jar:7.0.7]
	at org.springframework.beans.factory.support.DefaultListableBeanFactory.preInstantiateSingleton(DefaultListableBeanFactory.java:1184) ~[spring-beans-7.0.7.jar:7.0.7]
	at org.springframework.beans.factory.support.DefaultListableBeanFactory.preInstantiateSingletons(DefaultListableBeanFactory.java:1121) ~[spring-beans-7.0.7.jar:7.0.7]
	at org.springframework.context.support.AbstractApplicationContext.finishBeanFactoryInitialization(AbstractApplicationContext.java:994) ~[spring-context-7.0.7.jar:7.0.7]
	at org.springframework.context.support.AbstractApplicationContext.refresh(AbstractApplicationContext.java:621) ~[spring-context-7.0.7.jar:7.0.7]
	at org.springframework.boot.SpringApplication.refresh(SpringApplication.java:756) ~[spring-boot-4.0.6.jar:4.0.6]
	at org.springframework.boot.SpringApplication.refreshContext(SpringApplication.java:445) ~[spring-boot-4.0.6.jar:4.0.6]
	at org.springframework.boot.SpringApplication.run(SpringApplication.java:321) ~[spring-boot-4.0.6.jar:4.0.6]
	at org.springframework.boot.test.context.SpringBootContextLoader.lambda$loadContext$2(SpringBootContextLoader.java:155) ~[spring-boot-test-4.0.6.jar:4.0.6]
	at org.springframework.util.function.ThrowingSupplier.get(ThrowingSupplier.java:58) ~[spring-core-7.0.7.jar:7.0.7]
	at org.springframework.util.function.ThrowingSupplier.get(ThrowingSupplier.java:46) ~[spring-core-7.0.7.jar:7.0.7]
	at org.springframework.boot.SpringApplication.withHook(SpringApplication.java:1465) ~[spring-boot-4.0.6.jar:4.0.6]
	at org.springframework.boot.test.context.SpringBootContextLoader$ContextLoaderHook.run(SpringBootContextLoader.java:600) ~[spring-boot-test-4.0.6.jar:4.0.6]
	at org.springframework.boot.test.context.SpringBootContextLoader.loadContext(SpringBootContextLoader.java:155) ~[spring-boot-test-4.0.6.jar:4.0.6]
	at org.springframework.boot.test.context.SpringBootContextLoader.loadContext(SpringBootContextLoader.java:114) ~[spring-boot-test-4.0.6.jar:4.0.6]
	at org.springframework.test.context.cache.DefaultCacheAwareContextLoaderDelegate.loadContextInternal(DefaultCacheAwareContextLoaderDelegate.java:247) ~[spring-test-7.0.7.jar:7.0.7]
	at org.springframework.test.context.cache.DefaultCacheAwareContextLoaderDelegate.lambda$loadContext$0(DefaultCacheAwareContextLoaderDelegate.java:167) ~[spring-test-7.0.7.jar:7.0.7]
	... 86 common frames omitted
Caused by: org.springframework.beans.factory.NoSuchBeanDefinitionException: No qualifying bean of type 'org.springframework.security.config.annotation.web.builders.HttpSecurity' available: expected at least 1 bean which qualifies as autowire candidate. Dependency annotations: {}
	at org.springframework.beans.factory.support.DefaultListableBeanFactory.raiseNoMatchingBeanFound(DefaultListableBeanFactory.java:2297) ~[spring-beans-7.0.7.jar:7.0.7]
	at org.springframework.beans.factory.support.DefaultListableBeanFactory.doResolveDependency(DefaultListableBeanFactory.java:1725) ~[spring-beans-7.0.7.jar:7.0.7]
	at org.springframework.beans.factory.support.DefaultListableBeanFactory.resolveDependency(DefaultListableBeanFactory.java:1651) ~[spring-beans-7.0.7.jar:7.0.7]
	at org.springframework.beans.factory.support.ConstructorResolver.resolveAutowiredArgument(ConstructorResolver.java:912) ~[spring-beans-7.0.7.jar:7.0.7]
	at org.springframework.beans.factory.support.ConstructorResolver.createArgumentArray(ConstructorResolver.java:791) ~[spring-beans-7.0.7.jar:7.0.7]
	... 112 common frames omitted

2026-09-02T00:05:46.362+02:00  WARN 5043 --- [data-collector] [           main] o.s.test.context.TestContextManager      : Caught exception while allowing TestExecutionListener [org.springframework.test.context.support.DependencyInjectionTestExecutionListener] to prepare test instance [pl.autopilot.datacollector.infrastructure.web.MetaCallbackControllerTest@49ced9c7]

java.lang.IllegalStateException: ApplicationContext failure threshold (1) exceeded: skipping repeated attempt to load context for [WebMergedContextConfiguration@7f5ce33e testClass = pl.autopilot.datacollector.infrastructure.web.MetaCallbackControllerTest, locations = [], classes = [pl.autopilot.datacollector.DataCollectorApplication, pl.autopilot.datacollector.infrastructure.web.MetaCallbackControllerTest.TestSecurityConfig], contextInitializerClasses = [], activeProfiles = [], propertySourceDescriptors = [], propertySourceProperties = ["org.springframework.boot.webmvc.test.autoconfigure.WebMvcTestContextBootstrapper=true"], contextCustomizers = [org.springframework.test.context.support.DynamicPropertiesContextCustomizer@0, org.springframework.boot.webmvc.test.autoconfigure.WebDriverContextCustomizer@57a4d5ee, org.springframework.boot.test.autoconfigure.OnFailureConditionReportContextCustomizerFactory$OnFailureConditionReportContextCustomizer@36dce7ed, org.springframework.boot.test.autoconfigure.OverrideAutoConfigurationContextCustomizerFactory$DisableAutoConfigurationContextCustomizer@33aa93c, org.springframework.boot.web.server.context.SpringBootTestRandomPortContextCustomizer@70f43b45, [ImportsContextCustomizer@638afcaa key = [org.springframework.boot.autoconfigure.task.TaskExecutionAutoConfiguration, org.springframework.boot.webmvc.test.autoconfigure.MockMvcWebDriverAutoConfiguration, org.springframework.boot.autoconfigure.context.MessageSourceAutoConfiguration, org.springframework.boot.security.oauth2.server.resource.autoconfigure.servlet.OAuth2ResourceServerAutoConfiguration, org.springframework.boot.security.oauth2.client.autoconfigure.servlet.OAuth2ClientWebSecurityAutoConfiguration, org.springframework.boot.data.autoconfigure.web.DataWebAutoConfiguration, org.springframework.boot.security.oauth2.client.autoconfigure.OAuth2ClientAutoConfiguration, org.springframework.boot.webmvc.autoconfigure.error.ErrorMvcAutoConfiguration, org.springframework.boot.validation.autoconfigure.ValidationAutoConfiguration, org.springframework.boot.webmvc.autoconfigure.WebMvcAutoConfiguration, org.springframework.boot.http.converter.autoconfigure.HttpMessageConvertersAutoConfiguration, org.springframework.boot.jackson.autoconfigure.JacksonAutoConfiguration, org.springframework.boot.webmvc.test.autoconfigure.MockMvcWebClientAutoConfiguration, pl.autopilot.datacollector.infrastructure.web.MetaCallbackControllerTest$TestSecurityConfig, org.springframework.boot.servlet.autoconfigure.HttpEncodingAutoConfiguration, org.springframework.boot.webmvc.test.autoconfigure.MockMvcAutoConfiguration]], org.springframework.boot.test.context.PropertyMappingContextCustomizer@2d298995, org.springframework.boot.test.context.filter.ExcludeFilterContextCustomizer@632aa1a3, org.springframework.boot.test.context.filter.annotation.TypeExcludeFiltersContextCustomizer@46ef5b2d, org.springframework.boot.test.http.client.DisableReactorResourceFactoryGlobalResourcesContextCustomizerFactory$DisableReactorResourceFactoryGlobalResourcesContextCustomizerCustomizer@742d4e15, org.springframework.boot.test.json.DuplicateJsonObjectContextCustomizerFactory$DuplicateJsonObjectContextCustomizer@4163f1cd, org.springframework.boot.test.context.SpringBootTestAnnotation@bad14aa1], resourceBasePath = "src/main/webapp", contextLoader = org.springframework.boot.test.context.SpringBootContextLoader, parent = null]
	at org.springframework.test.context.cache.DefaultCacheAwareContextLoaderDelegate.loadContext(DefaultCacheAwareContextLoaderDelegate.java:157) ~[spring-test-7.0.7.jar:7.0.7]
	at org.springframework.test.context.support.DefaultTestContext.getApplicationContext(DefaultTestContext.java:128) ~[spring-test-7.0.7.jar:7.0.7]
	at org.springframework.test.context.support.DependencyInjectionTestExecutionListener.injectDependencies(DependencyInjectionTestExecutionListener.java:156) ~[spring-test-7.0.7.jar:7.0.7]
	at org.springframework.test.context.support.DependencyInjectionTestExecutionListener.prepareTestInstance(DependencyInjectionTestExecutionListener.java:111) ~[spring-test-7.0.7.jar:7.0.7]
	at org.springframework.test.context.TestContextManager.prepareTestInstance(TestContextManager.java:260) ~[spring-test-7.0.7.jar:7.0.7]
	at org.springframework.test.context.junit.jupiter.SpringExtension.postProcessTestInstance(SpringExtension.java:242) ~[spring-test-7.0.7.jar:7.0.7]
	at org.junit.jupiter.engine.descriptor.ClassBasedTestDescriptor.lambda$invokeTestInstancePostProcessors$1(ClassBasedTestDescriptor.java:423) ~[junit-jupiter-engine-6.0.3.jar:6.0.3]
	at org.junit.jupiter.engine.descriptor.ClassBasedTestDescriptor.executeAndMaskThrowable(ClassBasedTestDescriptor.java:428) ~[junit-jupiter-engine-6.0.3.jar:6.0.3]
	at org.junit.jupiter.engine.descriptor.ClassBasedTestDescriptor.lambda$invokeTestInstancePostProcessors$0(ClassBasedTestDescriptor.java:422) ~[junit-jupiter-engine-6.0.3.jar:6.0.3]
	at java.base/java.util.stream.ForEachOps$ForEachOp$OfRef.accept(ForEachOps.java:186) ~[na:na]
	at java.base/java.util.stream.ReferencePipeline$3$1.accept(ReferencePipeline.java:214) ~[na:na]
	at java.base/java.util.stream.ReferencePipeline$2$1.accept(ReferencePipeline.java:197) ~[na:na]
	at java.base/java.util.stream.ReferencePipeline$3$1.accept(ReferencePipeline.java:214) ~[na:na]
	at java.base/java.util.ArrayList$ArrayListSpliterator.forEachRemaining(ArrayList.java:1724) ~[na:na]
	at java.base/java.util.stream.AbstractPipeline.copyInto(AbstractPipeline.java:570) ~[na:na]
	at java.base/java.util.stream.AbstractPipeline.wrapAndCopyInto(AbstractPipeline.java:560) ~[na:na]
	at java.base/java.util.stream.ForEachOps$ForEachOp.evaluateSequential(ForEachOps.java:153) ~[na:na]
	at java.base/java.util.stream.ForEachOps$ForEachOp$OfRef.evaluateSequential(ForEachOps.java:176) ~[na:na]
	at java.base/java.util.stream.AbstractPipeline.evaluate(AbstractPipeline.java:265) ~[na:na]
	at java.base/java.util.stream.ReferencePipeline.forEach(ReferencePipeline.java:632) ~[na:na]
	at org.junit.jupiter.engine.descriptor.ClassBasedTestDescriptor.invokeTestInstancePostProcessors(ClassBasedTestDescriptor.java:422) ~[junit-jupiter-engine-6.0.3.jar:6.0.3]
	at org.junit.jupiter.engine.descriptor.ClassBasedTestDescriptor.lambda$instantiateAndPostProcessTestInstance$0(ClassBasedTestDescriptor.java:334) ~[junit-jupiter-engine-6.0.3.jar:6.0.3]
	at org.junit.platform.engine.support.hierarchical.ThrowableCollector.execute(ThrowableCollector.java:74) ~[junit-platform-engine-6.0.3.jar:6.0.3]
	at org.junit.jupiter.engine.descriptor.ClassBasedTestDescriptor.instantiateAndPostProcessTestInstance(ClassBasedTestDescriptor.java:333) ~[junit-jupiter-engine-6.0.3.jar:6.0.3]
	at org.junit.jupiter.engine.descriptor.ClassBasedTestDescriptor.lambda$testInstancesProvider$1(ClassBasedTestDescriptor.java:322) ~[junit-jupiter-engine-6.0.3.jar:6.0.3]
	at java.base/java.util.Optional.orElseGet(Optional.java:368) ~[na:na]
	at org.junit.jupiter.engine.descriptor.ClassBasedTestDescriptor.lambda$testInstancesProvider$0(ClassBasedTestDescriptor.java:321) ~[junit-jupiter-engine-6.0.3.jar:6.0.3]
	at org.junit.jupiter.engine.execution.TestInstancesProvider.getTestInstances(TestInstancesProvider.java:27) ~[junit-jupiter-engine-6.0.3.jar:6.0.3]
	at org.junit.jupiter.engine.descriptor.TestMethodTestDescriptor.lambda$prepare$0(TestMethodTestDescriptor.java:127) ~[junit-jupiter-engine-6.0.3.jar:6.0.3]
	at org.junit.platform.engine.support.hierarchical.ThrowableCollector.execute(ThrowableCollector.java:74) ~[junit-platform-engine-6.0.3.jar:6.0.3]
	at org.junit.jupiter.engine.descriptor.TestMethodTestDescriptor.prepare(TestMethodTestDescriptor.java:126) ~[junit-jupiter-engine-6.0.3.jar:6.0.3]
	at org.junit.jupiter.engine.descriptor.TestMethodTestDescriptor.prepare(TestMethodTestDescriptor.java:70) ~[junit-jupiter-engine-6.0.3.jar:6.0.3]
	at org.junit.platform.engine.support.hierarchical.NodeTestTask.lambda$prepare$0(NodeTestTask.java:144) ~[junit-platform-engine-6.0.3.jar:6.0.3]
	at org.junit.platform.engine.support.hierarchical.ThrowableCollector.execute(ThrowableCollector.java:74) ~[junit-platform-engine-6.0.3.jar:6.0.3]
	at org.junit.platform.engine.support.hierarchical.NodeTestTask.prepare(NodeTestTask.java:144) ~[junit-platform-engine-6.0.3.jar:6.0.3]
	at org.junit.platform.engine.support.hierarchical.NodeTestTask.execute(NodeTestTask.java:110) ~[junit-platform-engine-6.0.3.jar:6.0.3]
	at java.base/java.util.ArrayList.forEach(ArrayList.java:1612) ~[na:na]
	at org.junit.platform.engine.support.hierarchical.SameThreadHierarchicalTestExecutorService.invokeAll(SameThreadHierarchicalTestExecutorService.java:42) ~[junit-platform-engine-6.0.3.jar:6.0.3]
	at org.junit.platform.engine.support.hierarchical.NodeTestTask.lambda$executeRecursively$2(NodeTestTask.java:180) ~[junit-platform-engine-6.0.3.jar:6.0.3]
	at org.junit.platform.engine.support.hierarchical.ThrowableCollector.execute(ThrowableCollector.java:74) ~[junit-platform-engine-6.0.3.jar:6.0.3]
	at org.junit.platform.engine.support.hierarchical.NodeTestTask.lambda$executeRecursively$1(NodeTestTask.java:166) ~[junit-platform-engine-6.0.3.jar:6.0.3]
	at org.junit.platform.engine.support.hierarchical.Node.around(Node.java:138) ~[junit-platform-engine-6.0.3.jar:6.0.3]
	at org.junit.platform.engine.support.hierarchical.NodeTestTask.lambda$executeRecursively$0(NodeTestTask.java:164) ~[junit-platform-engine-6.0.3.jar:6.0.3]
	at org.junit.platform.engine.support.hierarchical.ThrowableCollector.execute(ThrowableCollector.java:74) ~[junit-platform-engine-6.0.3.jar:6.0.3]
	at org.junit.platform.engine.support.hierarchical.NodeTestTask.executeRecursively(NodeTestTask.java:163) ~[junit-platform-engine-6.0.3.jar:6.0.3]
	at org.junit.platform.engine.support.hierarchical.NodeTestTask.execute(NodeTestTask.java:116) ~[junit-platform-engine-6.0.3.jar:6.0.3]
	at java.base/java.util.ArrayList.forEach(ArrayList.java:1612) ~[na:na]
	at org.junit.platform.engine.support.hierarchical.SameThreadHierarchicalTestExecutorService.invokeAll(SameThreadHierarchicalTestExecutorService.java:42) ~[junit-platform-engine-6.0.3.jar:6.0.3]
	at org.junit.platform.engine.support.hierarchical.NodeTestTask.lambda$executeRecursively$2(NodeTestTask.java:180) ~[junit-platform-engine-6.0.3.jar:6.0.3]
	at org.junit.platform.engine.support.hierarchical.ThrowableCollector.execute(ThrowableCollector.java:74) ~[junit-platform-engine-6.0.3.jar:6.0.3]
	at org.junit.platform.engine.support.hierarchical.NodeTestTask.lambda$executeRecursively$1(NodeTestTask.java:166) ~[junit-platform-engine-6.0.3.jar:6.0.3]
	at org.junit.platform.engine.support.hierarchical.Node.around(Node.java:138) ~[junit-platform-engine-6.0.3.jar:6.0.3]
	at org.junit.platform.engine.support.hierarchical.NodeTestTask.lambda$executeRecursively$0(NodeTestTask.java:164) ~[junit-platform-engine-6.0.3.jar:6.0.3]
	at org.junit.platform.engine.support.hierarchical.ThrowableCollector.execute(ThrowableCollector.java:74) ~[junit-platform-engine-6.0.3.jar:6.0.3]
	at org.junit.platform.engine.support.hierarchical.NodeTestTask.executeRecursively(NodeTestTask.java:163) ~[junit-platform-engine-6.0.3.jar:6.0.3]
	at org.junit.platform.engine.support.hierarchical.NodeTestTask.execute(NodeTestTask.java:116) ~[junit-platform-engine-6.0.3.jar:6.0.3]
	at org.junit.platform.engine.support.hierarchical.SameThreadHierarchicalTestExecutorService.submit(SameThreadHierarchicalTestExecutorService.java:36) ~[junit-platform-engine-6.0.3.jar:6.0.3]
	at org.junit.platform.engine.support.hierarchical.HierarchicalTestExecutor.execute(HierarchicalTestExecutor.java:52) ~[junit-platform-engine-6.0.3.jar:6.0.3]
	at org.junit.platform.engine.support.hierarchical.HierarchicalTestEngine.execute(HierarchicalTestEngine.java:58) ~[junit-platform-engine-6.0.3.jar:6.0.3]
	at org.junit.platform.launcher.core.EngineExecutionOrchestrator.executeEngine(EngineExecutionOrchestrator.java:246) ~[junit-platform-launcher-6.0.3.jar:6.0.3]
	at org.junit.platform.launcher.core.EngineExecutionOrchestrator.failOrExecuteEngine(EngineExecutionOrchestrator.java:218) ~[junit-platform-launcher-6.0.3.jar:6.0.3]
	at org.junit.platform.launcher.core.EngineExecutionOrchestrator.execute(EngineExecutionOrchestrator.java:179) ~[junit-platform-launcher-6.0.3.jar:6.0.3]
	at org.junit.platform.launcher.core.EngineExecutionOrchestrator.execute(EngineExecutionOrchestrator.java:108) ~[junit-platform-launcher-6.0.3.jar:6.0.3]
	at org.junit.platform.launcher.core.EngineExecutionOrchestrator.lambda$execute$0(EngineExecutionOrchestrator.java:66) ~[junit-platform-launcher-6.0.3.jar:6.0.3]
	at org.junit.platform.launcher.core.EngineExecutionOrchestrator.withInterceptedStreams(EngineExecutionOrchestrator.java:157) ~[junit-platform-launcher-6.0.3.jar:6.0.3]
	at org.junit.platform.launcher.core.EngineExecutionOrchestrator.execute(EngineExecutionOrchestrator.java:65) ~[junit-platform-launcher-6.0.3.jar:6.0.3]
	at org.junit.platform.launcher.core.DefaultLauncher.execute(DefaultLauncher.java:125) ~[junit-platform-launcher-6.0.3.jar:6.0.3]
	at org.junit.platform.launcher.core.DefaultLauncher.execute(DefaultLauncher.java:114) ~[junit-platform-launcher-6.0.3.jar:6.0.3]
	at org.junit.platform.launcher.core.DelegatingLauncher.execute(DelegatingLauncher.java:58) ~[junit-platform-launcher-6.0.3.jar:6.0.3]
	at org.junit.platform.launcher.core.InterceptingLauncher.lambda$execute$2(InterceptingLauncher.java:57) ~[junit-platform-launcher-6.0.3.jar:6.0.3]
	at org.junit.platform.launcher.core.ClasspathAlignmentCheckingLauncherInterceptor.intercept(ClasspathAlignmentCheckingLauncherInterceptor.java:25) ~[junit-platform-launcher-6.0.3.jar:6.0.3]
	at org.junit.platform.launcher.core.InterceptingLauncher.execute(InterceptingLauncher.java:56) ~[junit-platform-launcher-6.0.3.jar:6.0.3]
	at org.junit.platform.launcher.core.DelegatingLauncher.execute(DelegatingLauncher.java:58) ~[junit-platform-launcher-6.0.3.jar:6.0.3]
	at java.base/jdk.internal.reflect.DirectMethodHandleAccessor.invoke(DirectMethodHandleAccessor.java:104) ~[na:na]
	at java.base/java.lang.reflect.Method.invoke(Method.java:565) ~[na:na]
	at org.apache.maven.surefire.api.util.ReflectionUtils.invokeMethodWithArray(ReflectionUtils.java:125) ~[surefire-api-3.5.5.jar:3.5.5]
	at org.apache.maven.surefire.junitplatform.LauncherAdapter.executeWithCancellationToken(LauncherAdapter.java:68) ~[surefire-junit-platform-3.5.5.jar:3.5.5]
	at org.apache.maven.surefire.junitplatform.LauncherAdapter.execute(LauncherAdapter.java:54) ~[surefire-junit-platform-3.5.5.jar:3.5.5]
	at org.apache.maven.surefire.junitplatform.JUnitPlatformProvider.execute(JUnitPlatformProvider.java:203) ~[surefire-junit-platform-3.5.5.jar:3.5.5]
	at org.apache.maven.surefire.junitplatform.JUnitPlatformProvider.invokeAllTests(JUnitPlatformProvider.java:168) ~[surefire-junit-platform-3.5.5.jar:3.5.5]
	at org.apache.maven.surefire.junitplatform.JUnitPlatformProvider.invoke(JUnitPlatformProvider.java:136) ~[surefire-junit-platform-3.5.5.jar:3.5.5]
	at org.apache.maven.surefire.booter.ForkedBooter.runSuitesInProcess(ForkedBooter.java:385) ~[surefire-booter-3.5.5.jar:3.5.5]
	at org.apache.maven.surefire.booter.ForkedBooter.execute(ForkedBooter.java:162) ~[surefire-booter-3.5.5.jar:3.5.5]
	at org.apache.maven.surefire.booter.ForkedBooter.run(ForkedBooter.java:507) ~[surefire-booter-3.5.5.jar:3.5.5]
	at org.apache.maven.surefire.booter.ForkedBooter.main(ForkedBooter.java:495) ~[surefire-booter-3.5.5.jar:3.5.5]

[ERROR] Tests run: 2, Failures: 0, Errors: 2, Skipped: 0, Time elapsed: 4.172 s <<< FAILURE! -- in pl.autopilot.datacollector.infrastructure.web.MetaCallbackControllerTest
[ERROR] pl.autopilot.datacollector.infrastructure.web.MetaCallbackControllerTest.shouldReturn200WithConfirmationCodeAndUrl -- Time elapsed: 0.016 s <<< ERROR!
java.lang.IllegalStateException: Failed to load ApplicationContext for [WebMergedContextConfiguration@7f5ce33e testClass = pl.autopilot.datacollector.infrastructure.web.MetaCallbackControllerTest, locations = [], classes = [pl.autopilot.datacollector.DataCollectorApplication, pl.autopilot.datacollector.infrastructure.web.MetaCallbackControllerTest.TestSecurityConfig], contextInitializerClasses = [], activeProfiles = [], propertySourceDescriptors = [], propertySourceProperties = ["org.springframework.boot.webmvc.test.autoconfigure.WebMvcTestContextBootstrapper=true"], contextCustomizers = [org.springframework.test.context.support.DynamicPropertiesContextCustomizer@0, org.springframework.boot.webmvc.test.autoconfigure.WebDriverContextCustomizer@57a4d5ee, org.springframework.boot.test.autoconfigure.OnFailureConditionReportContextCustomizerFactory$OnFailureConditionReportContextCustomizer@36dce7ed, org.springframework.boot.test.autoconfigure.OverrideAutoConfigurationContextCustomizerFactory$DisableAutoConfigurationContextCustomizer@33aa93c, org.springframework.boot.web.server.context.SpringBootTestRandomPortContextCustomizer@70f43b45, [ImportsContextCustomizer@638afcaa key = [org.springframework.boot.autoconfigure.task.TaskExecutionAutoConfiguration, org.springframework.boot.webmvc.test.autoconfigure.MockMvcWebDriverAutoConfiguration, org.springframework.boot.autoconfigure.context.MessageSourceAutoConfiguration, org.springframework.boot.security.oauth2.server.resource.autoconfigure.servlet.OAuth2ResourceServerAutoConfiguration, org.springframework.boot.security.oauth2.client.autoconfigure.servlet.OAuth2ClientWebSecurityAutoConfiguration, org.springframework.boot.data.autoconfigure.web.DataWebAutoConfiguration, org.springframework.boot.security.oauth2.client.autoconfigure.OAuth2ClientAutoConfiguration, org.springframework.boot.webmvc.autoconfigure.error.ErrorMvcAutoConfiguration, org.springframework.boot.validation.autoconfigure.ValidationAutoConfiguration, org.springframework.boot.webmvc.autoconfigure.WebMvcAutoConfiguration, org.springframework.boot.http.converter.autoconfigure.HttpMessageConvertersAutoConfiguration, org.springframework.boot.jackson.autoconfigure.JacksonAutoConfiguration, org.springframework.boot.webmvc.test.autoconfigure.MockMvcWebClientAutoConfiguration, pl.autopilot.datacollector.infrastructure.web.MetaCallbackControllerTest$TestSecurityConfig, org.springframework.boot.servlet.autoconfigure.HttpEncodingAutoConfiguration, org.springframework.boot.webmvc.test.autoconfigure.MockMvcAutoConfiguration]], org.springframework.boot.test.context.PropertyMappingContextCustomizer@2d298995, org.springframework.boot.test.context.filter.ExcludeFilterContextCustomizer@632aa1a3, org.springframework.boot.test.context.filter.annotation.TypeExcludeFiltersContextCustomizer@46ef5b2d, org.springframework.boot.test.http.client.DisableReactorResourceFactoryGlobalResourcesContextCustomizerFactory$DisableReactorResourceFactoryGlobalResourcesContextCustomizerCustomizer@742d4e15, org.springframework.boot.test.json.DuplicateJsonObjectContextCustomizerFactory$DuplicateJsonObjectContextCustomizer@4163f1cd, org.springframework.boot.test.context.SpringBootTestAnnotation@bad14aa1], resourceBasePath = "src/main/webapp", contextLoader = org.springframework.boot.test.context.SpringBootContextLoader, parent = null]
	at org.springframework.test.context.cache.DefaultCacheAwareContextLoaderDelegate.lambda$loadContext$0(DefaultCacheAwareContextLoaderDelegate.java:195)
	at org.springframework.test.context.cache.DefaultContextCache.put(DefaultContextCache.java:214)
	at org.springframework.test.context.cache.DefaultCacheAwareContextLoaderDelegate.loadContext(DefaultCacheAwareContextLoaderDelegate.java:160)
	at org.springframework.test.context.support.DefaultTestContext.getApplicationContext(DefaultTestContext.java:128)
	at org.springframework.test.context.support.DependencyInjectionTestExecutionListener.injectDependencies(DependencyInjectionTestExecutionListener.java:156)
	at org.springframework.test.context.support.DependencyInjectionTestExecutionListener.prepareTestInstance(DependencyInjectionTestExecutionListener.java:111)
	at org.springframework.test.context.TestContextManager.prepareTestInstance(TestContextManager.java:260)
	at org.springframework.test.context.junit.jupiter.SpringExtension.postProcessTestInstance(SpringExtension.java:242)
	at java.base/java.util.stream.ForEachOps$ForEachOp$OfRef.accept(ForEachOps.java:186)
	at java.base/java.util.stream.ReferencePipeline$3$1.accept(ReferencePipeline.java:214)
	at java.base/java.util.stream.ReferencePipeline$2$1.accept(ReferencePipeline.java:197)
	at java.base/java.util.stream.ReferencePipeline$3$1.accept(ReferencePipeline.java:214)
	at java.base/java.util.ArrayList$ArrayListSpliterator.forEachRemaining(ArrayList.java:1724)
	at java.base/java.util.stream.AbstractPipeline.copyInto(AbstractPipeline.java:570)
	at java.base/java.util.stream.AbstractPipeline.wrapAndCopyInto(AbstractPipeline.java:560)
	at java.base/java.util.stream.ForEachOps$ForEachOp.evaluateSequential(ForEachOps.java:153)
	at java.base/java.util.stream.ForEachOps$ForEachOp$OfRef.evaluateSequential(ForEachOps.java:176)
	at java.base/java.util.stream.AbstractPipeline.evaluate(AbstractPipeline.java:265)
	at java.base/java.util.stream.ReferencePipeline.forEach(ReferencePipeline.java:632)
	at java.base/java.util.Optional.orElseGet(Optional.java:368)
	at java.base/java.util.ArrayList.forEach(ArrayList.java:1612)
	at java.base/java.util.ArrayList.forEach(ArrayList.java:1612)
Caused by: org.springframework.beans.factory.UnsatisfiedDependencyException: Error creating bean with name 'testSecurityFilterChain' defined in pl.autopilot.datacollector.infrastructure.web.MetaCallbackControllerTest$TestSecurityConfig: Unsatisfied dependency expressed through method 'testSecurityFilterChain' parameter 0: No qualifying bean of type 'org.springframework.security.config.annotation.web.builders.HttpSecurity' available: expected at least 1 bean which qualifies as autowire candidate. Dependency annotations: {}
	at org.springframework.beans.factory.support.ConstructorResolver.createArgumentArray(ConstructorResolver.java:804)
	at org.springframework.beans.factory.support.ConstructorResolver.instantiateUsingFactoryMethod(ConstructorResolver.java:546)
	at org.springframework.beans.factory.support.AbstractAutowireCapableBeanFactory.instantiateUsingFactoryMethod(AbstractAutowireCapableBeanFactory.java:1362)
	at org.springframework.beans.factory.support.AbstractAutowireCapableBeanFactory.createBeanInstance(AbstractAutowireCapableBeanFactory.java:1194)
	at org.springframework.beans.factory.support.AbstractAutowireCapableBeanFactory.doCreateBean(AbstractAutowireCapableBeanFactory.java:565)
	at org.springframework.beans.factory.support.AbstractAutowireCapableBeanFactory.createBean(AbstractAutowireCapableBeanFactory.java:525)
	at org.springframework.beans.factory.support.AbstractBeanFactory.lambda$doGetBean$0(AbstractBeanFactory.java:333)
	at org.springframework.beans.factory.support.DefaultSingletonBeanRegistry.getSingleton(DefaultSingletonBeanRegistry.java:371)
	at org.springframework.beans.factory.support.AbstractBeanFactory.doGetBean(AbstractBeanFactory.java:331)
	at org.springframework.beans.factory.support.AbstractBeanFactory.getBean(AbstractBeanFactory.java:196)
	at org.springframework.beans.factory.support.DefaultListableBeanFactory.instantiateSingleton(DefaultListableBeanFactory.java:1218)
	at org.springframework.beans.factory.support.DefaultListableBeanFactory.preInstantiateSingleton(DefaultListableBeanFactory.java:1184)
	at org.springframework.beans.factory.support.DefaultListableBeanFactory.preInstantiateSingletons(DefaultListableBeanFactory.java:1121)
	at org.springframework.context.support.AbstractApplicationContext.finishBeanFactoryInitialization(AbstractApplicationContext.java:994)
	at org.springframework.context.support.AbstractApplicationContext.refresh(AbstractApplicationContext.java:621)
	at org.springframework.boot.SpringApplication.refresh(SpringApplication.java:756)
	at org.springframework.boot.SpringApplication.refreshContext(SpringApplication.java:445)
	at org.springframework.boot.SpringApplication.run(SpringApplication.java:321)
	at org.springframework.boot.test.context.SpringBootContextLoader.lambda$loadContext$2(SpringBootContextLoader.java:155)
	at org.springframework.util.function.ThrowingSupplier.get(ThrowingSupplier.java:58)
	at org.springframework.util.function.ThrowingSupplier.get(ThrowingSupplier.java:46)
	at org.springframework.boot.SpringApplication.withHook(SpringApplication.java:1465)
	at org.springframework.boot.test.context.SpringBootContextLoader$ContextLoaderHook.run(SpringBootContextLoader.java:600)
	at org.springframework.boot.test.context.SpringBootContextLoader.loadContext(SpringBootContextLoader.java:155)
	at org.springframework.boot.test.context.SpringBootContextLoader.loadContext(SpringBootContextLoader.java:114)
	at org.springframework.test.context.cache.DefaultCacheAwareContextLoaderDelegate.loadContextInternal(DefaultCacheAwareContextLoaderDelegate.java:247)
	at org.springframework.test.context.cache.DefaultCacheAwareContextLoaderDelegate.lambda$loadContext$0(DefaultCacheAwareContextLoaderDelegate.java:167)
	... 21 more
Caused by: org.springframework.beans.factory.NoSuchBeanDefinitionException: No qualifying bean of type 'org.springframework.security.config.annotation.web.builders.HttpSecurity' available: expected at least 1 bean which qualifies as autowire candidate. Dependency annotations: {}
	at org.springframework.beans.factory.support.DefaultListableBeanFactory.raiseNoMatchingBeanFound(DefaultListableBeanFactory.java:2297)
	at org.springframework.beans.factory.support.DefaultListableBeanFactory.doResolveDependency(DefaultListableBeanFactory.java:1725)
	at org.springframework.beans.factory.support.DefaultListableBeanFactory.resolveDependency(DefaultListableBeanFactory.java:1651)
	at org.springframework.beans.factory.support.ConstructorResolver.resolveAutowiredArgument(ConstructorResolver.java:912)
	at org.springframework.beans.factory.support.ConstructorResolver.createArgumentArray(ConstructorResolver.java:791)
	... 47 more

[ERROR] pl.autopilot.datacollector.infrastructure.web.MetaCallbackControllerTest.shouldAcceptRequestWithoutBody -- Time elapsed: 0.001 s <<< ERROR!
java.lang.IllegalStateException: ApplicationContext failure threshold (1) exceeded: skipping repeated attempt to load context for [WebMergedContextConfiguration@7f5ce33e testClass = pl.autopilot.datacollector.infrastructure.web.MetaCallbackControllerTest, locations = [], classes = [pl.autopilot.datacollector.DataCollectorApplication, pl.autopilot.datacollector.infrastructure.web.MetaCallbackControllerTest.TestSecurityConfig], contextInitializerClasses = [], activeProfiles = [], propertySourceDescriptors = [], propertySourceProperties = ["org.springframework.boot.webmvc.test.autoconfigure.WebMvcTestContextBootstrapper=true"], contextCustomizers = [org.springframework.test.context.support.DynamicPropertiesContextCustomizer@0, org.springframework.boot.webmvc.test.autoconfigure.WebDriverContextCustomizer@57a4d5ee, org.springframework.boot.test.autoconfigure.OnFailureConditionReportContextCustomizerFactory$OnFailureConditionReportContextCustomizer@36dce7ed, org.springframework.boot.test.autoconfigure.OverrideAutoConfigurationContextCustomizerFactory$DisableAutoConfigurationContextCustomizer@33aa93c, org.springframework.boot.web.server.context.SpringBootTestRandomPortContextCustomizer@70f43b45, [ImportsContextCustomizer@638afcaa key = [org.springframework.boot.autoconfigure.task.TaskExecutionAutoConfiguration, org.springframework.boot.webmvc.test.autoconfigure.MockMvcWebDriverAutoConfiguration, org.springframework.boot.autoconfigure.context.MessageSourceAutoConfiguration, org.springframework.boot.security.oauth2.server.resource.autoconfigure.servlet.OAuth2ResourceServerAutoConfiguration, org.springframework.boot.security.oauth2.client.autoconfigure.servlet.OAuth2ClientWebSecurityAutoConfiguration, org.springframework.boot.data.autoconfigure.web.DataWebAutoConfiguration, org.springframework.boot.security.oauth2.client.autoconfigure.OAuth2ClientAutoConfiguration, org.springframework.boot.webmvc.autoconfigure.error.ErrorMvcAutoConfiguration, org.springframework.boot.validation.autoconfigure.ValidationAutoConfiguration, org.springframework.boot.webmvc.autoconfigure.WebMvcAutoConfiguration, org.springframework.boot.http.converter.autoconfigure.HttpMessageConvertersAutoConfiguration, org.springframework.boot.jackson.autoconfigure.JacksonAutoConfiguration, org.springframework.boot.webmvc.test.autoconfigure.MockMvcWebClientAutoConfiguration, pl.autopilot.datacollector.infrastructure.web.MetaCallbackControllerTest$TestSecurityConfig, org.springframework.boot.servlet.autoconfigure.HttpEncodingAutoConfiguration, org.springframework.boot.webmvc.test.autoconfigure.MockMvcAutoConfiguration]], org.springframework.boot.test.context.PropertyMappingContextCustomizer@2d298995, org.springframework.boot.test.context.filter.ExcludeFilterContextCustomizer@632aa1a3, org.springframework.boot.test.context.filter.annotation.TypeExcludeFiltersContextCustomizer@46ef5b2d, org.springframework.boot.test.http.client.DisableReactorResourceFactoryGlobalResourcesContextCustomizerFactory$DisableReactorResourceFactoryGlobalResourcesContextCustomizerCustomizer@742d4e15, org.springframework.boot.test.json.DuplicateJsonObjectContextCustomizerFactory$DuplicateJsonObjectContextCustomizer@4163f1cd, org.springframework.boot.test.context.SpringBootTestAnnotation@bad14aa1], resourceBasePath = "src/main/webapp", contextLoader = org.springframework.boot.test.context.SpringBootContextLoader, parent = null]
	at org.springframework.test.context.cache.DefaultCacheAwareContextLoaderDelegate.loadContext(DefaultCacheAwareContextLoaderDelegate.java:157)
	at org.springframework.test.context.support.DefaultTestContext.getApplicationContext(DefaultTestContext.java:128)
	at org.springframework.test.context.support.DependencyInjectionTestExecutionListener.injectDependencies(DependencyInjectionTestExecutionListener.java:156)
	at org.springframework.test.context.support.DependencyInjectionTestExecutionListener.prepareTestInstance(DependencyInjectionTestExecutionListener.java:111)
	at org.springframework.test.context.TestContextManager.prepareTestInstance(TestContextManager.java:260)
	at org.springframework.test.context.junit.jupiter.SpringExtension.postProcessTestInstance(SpringExtension.java:242)
	at java.base/java.util.stream.ForEachOps$ForEachOp$OfRef.accept(ForEachOps.java:186)
	at java.base/java.util.stream.ReferencePipeline$3$1.accept(ReferencePipeline.java:214)
	at java.base/java.util.stream.ReferencePipeline$2$1.accept(ReferencePipeline.java:197)
	at java.base/java.util.stream.ReferencePipeline$3$1.accept(ReferencePipeline.java:214)
	at java.base/java.util.ArrayList$ArrayListSpliterator.forEachRemaining(ArrayList.java:1724)
	at java.base/java.util.stream.AbstractPipeline.copyInto(AbstractPipeline.java:570)
	at java.base/java.util.stream.AbstractPipeline.wrapAndCopyInto(AbstractPipeline.java:560)
	at java.base/java.util.stream.ForEachOps$ForEachOp.evaluateSequential(ForEachOps.java:153)
	at java.base/java.util.stream.ForEachOps$ForEachOp$OfRef.evaluateSequential(ForEachOps.java:176)
	at java.base/java.util.stream.AbstractPipeline.evaluate(AbstractPipeline.java:265)
	at java.base/java.util.stream.ReferencePipeline.forEach(ReferencePipeline.java:632)
	at java.base/java.util.Optional.orElseGet(Optional.java:368)
	at java.base/java.util.ArrayList.forEach(ArrayList.java:1612)
	at java.base/java.util.ArrayList.forEach(ArrayList.java:1612)

[INFO] Running pl.autopilot.datacollector.infrastructure.scheduler.RefreshTokenServiceTest
OpenJDK 64-Bit Server VM warning: Sharing is only supported for boot loader classes because bootstrap classpath has been appended
2026-09-02T00:05:47.427+02:00  INFO 5043 --- [data-collector] [           main] p.a.d.i.scheduler.RefreshTokenService    : Znaleziono 0 tokenów do odświeżenia
2026-09-02T00:05:47.459+02:00  INFO 5043 --- [data-collector] [           main] p.a.d.i.scheduler.RefreshTokenService    : Znaleziono 1 tokenów do odświeżenia
2026-09-02T00:05:47.462+02:00 ERROR 5043 --- [data-collector] [           main] p.a.d.i.scheduler.RefreshTokenService    : Błąd odświeżania tokenu dla ownerIgId=owner1: Instagram API error
2026-09-02T00:05:47.468+02:00  INFO 5043 --- [data-collector] [           main] p.a.d.i.scheduler.RefreshTokenService    : Znaleziono 2 tokenów do odświeżenia
2026-09-02T00:05:47.469+02:00  INFO 5043 --- [data-collector] [           main] p.a.d.i.scheduler.RefreshTokenService    : Token odświeżony dla ownerIgId=owner1 ważny do=2026-10-31T22:05:47.468296Z
2026-09-02T00:05:47.470+02:00  INFO 5043 --- [data-collector] [           main] p.a.d.i.scheduler.RefreshTokenService    : Token odświeżony dla ownerIgId=owner2 ważny do=2026-10-31T22:05:47.468674Z
2026-09-02T00:05:47.478+02:00  INFO 5043 --- [data-collector] [           main] p.a.d.i.scheduler.RefreshTokenService    : Znaleziono 1 tokenów do odświeżenia
2026-09-02T00:05:47.479+02:00  INFO 5043 --- [data-collector] [           main] p.a.d.i.scheduler.RefreshTokenService    : Token odświeżony dla ownerIgId=owner1 ważny do=2026-10-31T22:05:47.477122Z
2026-09-02T00:05:47.484+02:00  INFO 5043 --- [data-collector] [           main] p.a.d.i.scheduler.RefreshTokenService    : Znaleziono 2 tokenów do odświeżenia
2026-09-02T00:05:47.485+02:00 ERROR 5043 --- [data-collector] [           main] p.a.d.i.scheduler.RefreshTokenService    : Błąd odświeżania tokenu dla ownerIgId=owner1: Instagram API error
2026-09-02T00:05:47.485+02:00  INFO 5043 --- [data-collector] [           main] p.a.d.i.scheduler.RefreshTokenService    : Token odświeżony dla ownerIgId=owner2 ważny do=2026-10-31T22:05:47.484234Z
2026-09-02T00:05:47.493+02:00  INFO 5043 --- [data-collector] [           main] p.a.d.i.scheduler.RefreshTokenService    : Znaleziono 1 tokenów do odświeżenia
2026-09-02T00:05:47.493+02:00  WARN 5043 --- [data-collector] [           main] p.a.d.i.scheduler.RefreshTokenService    : Token już wygasł dla ownerIgId=owner1 — wymaga ponownej autoryzacji
[INFO] Tests run: 6, Failures: 0, Errors: 0, Skipped: 0, Time elapsed: 1.094 s -- in pl.autopilot.datacollector.infrastructure.scheduler.RefreshTokenServiceTest
[INFO] Running pl.autopilot.datacollector.infrastructure.kafka.MonitoredHashtagEventKafkaAdapterTest
2026-09-02T00:05:47.775+02:00 ERROR 5043 --- [data-collector] [           main] .d.i.k.MonitoredHashtagEventKafkaAdapter : Błąd publikacji eventu MonitoredHashtag dla owner_123 → #fotografia
[INFO] Tests run: 3, Failures: 0, Errors: 0, Skipped: 0, Time elapsed: 0.285 s -- in pl.autopilot.datacollector.infrastructure.kafka.MonitoredHashtagEventKafkaAdapterTest
[INFO] Running pl.autopilot.datacollector.infrastructure.kafka.MonitoredProfileEventKafkaAdapterTest
2026-09-02T00:05:47.813+02:00 ERROR 5043 --- [data-collector] [           main] .d.i.k.MonitoredProfileEventKafkaAdapter : Błąd publikacji eventu MonitoredProfile dla owner_123 → rywal_pl
[INFO] Tests run: 3, Failures: 0, Errors: 0, Skipped: 0, Time elapsed: 0.028 s -- in pl.autopilot.datacollector.infrastructure.kafka.MonitoredProfileEventKafkaAdapterTest
[INFO] Running pl.autopilot.datacollector.infrastructure.persistence.adapter.MonitoredProfileAdapterTest
[INFO] Tests run: 10, Failures: 0, Errors: 0, Skipped: 0, Time elapsed: 0.190 s -- in pl.autopilot.datacollector.infrastructure.persistence.adapter.MonitoredProfileAdapterTest
[INFO] Running pl.autopilot.datacollector.infrastructure.persistence.adapter.MonitoredHashtagAdapterTest
[INFO] Tests run: 13, Failures: 0, Errors: 0, Skipped: 0, Time elapsed: 0.126 s -- in pl.autopilot.datacollector.infrastructure.persistence.adapter.MonitoredHashtagAdapterTest
[INFO] Running pl.autopilot.datacollector.infrastructure.persistence.adapter.AccessTokenAdapterTest
[INFO] Tests run: 8, Failures: 0, Errors: 0, Skipped: 0, Time elapsed: 0.089 s -- in pl.autopilot.datacollector.infrastructure.persistence.adapter.AccessTokenAdapterTest
[INFO] Running pl.autopilot.datacollector.infrastructure.instagram.InstagramUtilsTest
2026-09-02T00:05:48.324+02:00  WARN 5043 --- [data-collector] [           main] p.a.d.i.instagram.InstagramUtils         : Nie można sparsować timestamp: 
2026-09-02T00:05:48.326+02:00  WARN 5043 --- [data-collector] [           main] p.a.d.i.instagram.InstagramUtils         : Nie można sparsować timestamp: not-a-date
2026-09-02T00:05:48.329+02:00  WARN 5043 --- [data-collector] [           main] p.a.d.i.instagram.InstagramUtils         : Nie można sparsować timestamp: 2024-06-15
2026-09-02T00:05:48.331+02:00  WARN 5043 --- [data-collector] [           main] p.a.d.i.instagram.InstagramUtils         : Nie można sparsować timestamp: 15/06/2024 12:00
[INFO] Tests run: 11, Failures: 0, Errors: 0, Skipped: 0, Time elapsed: 0.090 s -- in pl.autopilot.datacollector.infrastructure.instagram.InstagramUtilsTest
[INFO] Running pl.autopilot.datacollector.infrastructure.instagram.mapper.InstagramMediaMapperTest
WARNING: A terminally deprecated method in sun.misc.Unsafe has been called
WARNING: sun.misc.Unsafe::objectFieldOffset has been called by net.bytebuddy.dynamic.loading.ClassInjector$UsingUnsafe$Dispatcher$CreationAction (file:/Users/krzysztof/.m2/repository/net/bytebuddy/byte-buddy/1.17.8/byte-buddy-1.17.8.jar)
WARNING: Please consider reporting this to the maintainers of class net.bytebuddy.dynamic.loading.ClassInjector$UsingUnsafe$Dispatcher$CreationAction
WARNING: sun.misc.Unsafe::objectFieldOffset will be removed in a future release
[INFO] Tests run: 9, Failures: 0, Errors: 0, Skipped: 0, Time elapsed: 1.085 s -- in pl.autopilot.datacollector.infrastructure.instagram.mapper.InstagramMediaMapperTest
[INFO] Running pl.autopilot.datacollector.infrastructure.instagram.client.InstagramApiClientFetchCompetitorProfileTest
2026-09-02T00:05:49.583+02:00  INFO 5043 --- [data-collector] [           main] p.a.d.i.i.client.InstagramApiClient      : Profile Discovery URL: https://graph.facebook.com/v19.0/12345678?fields=business_discovery.username(zmyslowaty){followers_count,biography,media_count}&access_token=long-lived-token
2026-09-02T00:05:49.583+02:00  INFO 5043 --- [data-collector] [           main] p.a.d.i.i.client.InstagramApiClient      : Pobrano profil zmyslowaty
2026-09-02T00:05:49.588+02:00  INFO 5043 --- [data-collector] [           main] p.a.d.i.i.client.InstagramApiClient      : Profile Discovery URL: https://graph.facebook.com/v19.0/12345678?fields=business_discovery.username(zmyslowaty){followers_count,biography,media_count}&access_token=long-lived-token
2026-09-02T00:05:49.588+02:00  INFO 5043 --- [data-collector] [           main] p.a.d.i.i.client.InstagramApiClient      : Pobrano profil zmyslowaty
2026-09-02T00:05:49.605+02:00  INFO 5043 --- [data-collector] [           main] p.a.d.i.i.client.InstagramApiClient      : Profile Discovery URL: https://graph.facebook.com/v19.0/12345678?fields=business_discovery.username(zmyslowaty){followers_count,biography,media_count}&access_token=long-lived-token
2026-09-02T00:05:49.606+02:00  INFO 5043 --- [data-collector] [           main] p.a.d.i.i.client.InstagramApiClient      : Pobrano profil zmyslowaty
2026-09-02T00:05:49.617+02:00  INFO 5043 --- [data-collector] [           main] p.a.d.i.i.client.InstagramApiClient      : Profile Discovery URL: https://graph.facebook.com/v19.0/12345678?fields=business_discovery.username(zmyslowaty){followers_count,biography,media_count}&access_token=long-lived-token
[INFO] Tests run: 4, Failures: 0, Errors: 0, Skipped: 0, Time elapsed: 0.195 s -- in pl.autopilot.datacollector.infrastructure.instagram.client.InstagramApiClientFetchCompetitorProfileTest
[INFO] Running pl.autopilot.datacollector.infrastructure.instagram.client.InstagramApiClientFetchOwnMediaTest
2026-09-02T00:05:49.644+02:00  INFO 5043 --- [data-collector] [           main] p.a.d.i.i.client.InstagramApiClient      : Pobrano 0 postów dla ownerIgId=12345678
2026-09-02T00:05:49.657+02:00  INFO 5043 --- [data-collector] [           main] p.a.d.i.i.client.InstagramApiClient      : Pobrano 0 postów dla ownerIgId=12345678
2026-09-02T00:05:49.663+02:00  INFO 5043 --- [data-collector] [           main] p.a.d.i.i.client.InstagramApiClient      : Pobrano 2 postów dla ownerIgId=12345678
[INFO] Tests run: 6, Failures: 0, Errors: 0, Skipped: 0, Time elapsed: 0.052 s -- in pl.autopilot.datacollector.infrastructure.instagram.client.InstagramApiClientFetchOwnMediaTest
[INFO] Running pl.autopilot.datacollector.infrastructure.instagram.client.InstagramOAuthClientTest
2026-09-02T00:05:51.278+02:00  INFO 5043 --- [data-collector] [           main] p.a.d.i.i.client.InstagramOAuthClient    : Token odświeżony dla: testuser
2026-09-02T00:05:51.299+02:00  INFO 5043 --- [data-collector] [           main] p.a.d.i.i.client.InstagramOAuthClient    : Long-lived token uzyskany dla]
[INFO] Tests run: 2, Failures: 0, Errors: 0, Skipped: 0, Time elapsed: 1.638 s -- in pl.autopilot.datacollector.infrastructure.instagram.client.InstagramOAuthClientTest
[INFO] Running pl.autopilot.datacollector.infrastructure.instagram.client.InstagramGraphClientTest
2026-09-02T00:05:51.394+02:00 ERROR 5043 --- [data-collector] [           main] p.a.d.i.i.client.InstagramGraphClient    : Instagram API rate limit osiągnięty: call=100% cpu=50% time=50%
2026-09-02T00:05:51.417+02:00 ERROR 5043 --- [data-collector] [           main] p.a.d.i.i.client.InstagramGraphClient    : Body: {
"error": {
        "message": "Error validating access token",
        "type": "OAuthException",
        "code": 190,
        "fbtrace_id": "trace456"
}
}

2026-09-02T00:05:51.420+02:00 ERROR 5043 --- [data-collector] [           main] p.a.d.i.i.client.InstagramGraphClient    : Bład: InstagramErrorResponse(error=InstagramErrorResponse.ErrorDetail(message=Error validating access token, type=OAuthException, code=190, errorSubcode=0, fbtraceId=trace456))
2026-09-02T00:05:51.450+02:00 ERROR 5043 --- [data-collector] [           main] p.a.d.i.i.client.InstagramGraphClient    : Body: {
  "error": {
    "message": "Invalid parameter",
    "type": "GraphMethodException",
    "code": 100,
    "fbtrace_id": "trace123"
  }
}

2026-09-02T00:05:51.451+02:00 ERROR 5043 --- [data-collector] [           main] p.a.d.i.i.client.InstagramGraphClient    : Bład: InstagramErrorResponse(error=InstagramErrorResponse.ErrorDetail(message=Invalid parameter, type=GraphMethodException, code=100, errorSubcode=0, fbtraceId=trace123))
2026-09-02T00:05:51.496+02:00 ERROR 5043 --- [data-collector] [           main] p.a.d.i.i.client.InstagramGraphClient    : Instagram API rate limit osiągnięty: call=100% cpu=50% time=50%
2026-09-02T00:05:51.512+02:00  WARN 5043 --- [data-collector] [           main] p.a.d.i.i.client.InstagramGraphClient    : Instagram API zbliża się do limitu: call=85% cpu=20% time=30%
[INFO] Tests run: 11, Failures: 0, Errors: 0, Skipped: 0, Time elapsed: 0.198 s -- in pl.autopilot.datacollector.infrastructure.instagram.client.InstagramGraphClientTest
[INFO] Running pl.autopilot.datacollector.infrastructure.instagram.client.AppUsageTest
[INFO] Tests run: 4, Failures: 0, Errors: 0, Skipped: 0, Time elapsed: 0.047 s -- in pl.autopilot.datacollector.infrastructure.instagram.client.AppUsageTest
[INFO] Running pl.autopilot.datacollector.infrastructure.instagram.client.InstagramApiClientFetchHashtagTest
2026-09-02T00:05:51.585+02:00  WARN 5043 --- [data-collector] [           main] p.a.d.i.i.client.InstagramApiClient      : Nie znaleziono hashtagу: #nieistniejacy
2026-09-02T00:05:51.592+02:00  INFO 5043 --- [data-collector] [           main] p.a.d.i.i.client.InstagramApiClient      : First page url: https://graph.facebook.com/v19.0/ht_456/recent_media?fields=id,media_type,permalink,like_count,comments_count,caption,timestamp&user_id=12345678&access_token=long-lived-token
2026-09-02T00:05:51.593+02:00  INFO 5043 --- [data-collector] [           main] p.a.d.i.i.client.InstagramApiClient      : Pobrano 1 top postów dla #fotografia
2026-09-02T00:05:51.600+02:00  INFO 5043 --- [data-collector] [           main] p.a.d.i.i.client.InstagramApiClient      : Hashtag #fotografia
2026-09-02T00:05:51.604+02:00  WARN 5043 --- [data-collector] [           main] p.a.d.i.i.client.InstagramApiClient      : Nie znaleziono hashtagу: #nieistniejacy
[INFO] Tests run: 4, Failures: 0, Errors: 0, Skipped: 0, Time elapsed: 0.034 s -- in pl.autopilot.datacollector.infrastructure.instagram.client.InstagramApiClientFetchHashtagTest
[INFO] Running pl.autopilot.datacollector.infrastructure.instagram.client.InstagramApiClientFetchCompetitorMediaTest
2026-09-02T00:05:51.617+02:00  INFO 5043 --- [data-collector] [           main] p.a.d.i.i.client.InstagramApiClient      : Business Discovery URL: https://graph.facebook.com/v19.0/12345678?fields=business_discovery.username(fotografik_waw){media{id,media_type,media_url,caption,permalink,like_count,comments_count,timestamp}}&access_token=long-lived-token
2026-09-02T00:05:51.618+02:00  INFO 5043 --- [data-collector] [           main] p.a.d.i.i.client.InstagramApiClient      : Pobrano 1 nowych postów konkurenta username=fotografik_waw, since=2024-06-01T00:00:00Z
2026-09-02T00:05:51.624+02:00  INFO 5043 --- [data-collector] [           main] p.a.d.i.i.client.InstagramApiClient      : Business Discovery URL: https://graph.facebook.com/v19.0/12345678?fields=business_discovery.username(fotografik_waw){media{id,media_type,media_url,caption,permalink,like_count,comments_count,timestamp}}&access_token=long-lived-token
2026-09-02T00:05:51.624+02:00  INFO 5043 --- [data-collector] [           main] p.a.d.i.i.client.InstagramApiClient      : Pobrano 0 nowych postów konkurenta username=fotografik_waw, since=2024-01-01T00:00:00Z
2026-09-02T00:05:51.631+02:00  INFO 5043 --- [data-collector] [           main] p.a.d.i.i.client.InstagramApiClient      : Business Discovery URL: https://graph.facebook.com/v19.0/12345678?fields=business_discovery.username(fotografik_waw){media{id,media_type,media_url,caption,permalink,like_count,comments_count,timestamp}}&access_token=long-lived-token
2026-09-02T00:05:51.631+02:00  INFO 5043 --- [data-collector] [           main] p.a.d.i.i.client.InstagramApiClient      : Pobrano 1 nowych postów konkurenta username=fotografik_waw, since=2024-01-01T00:00:00Z
2026-09-02T00:05:51.636+02:00  INFO 5043 --- [data-collector] [           main] p.a.d.i.i.client.InstagramApiClient      : Business Discovery URL: https://graph.facebook.com/v19.0/12345678?fields=business_discovery.username(fotografik_waw){media{id,media_type,media_url,caption,permalink,like_count,comments_count,timestamp}}&access_token=long-lived-token
2026-09-02T00:05:51.637+02:00  INFO 5043 --- [data-collector] [           main] p.a.d.i.i.client.InstagramApiClient      : Pobrano 1 nowych postów konkurenta username=fotografik_waw, since=2024-06-01T00:00:00Z
2026-09-02T00:05:51.640+02:00  INFO 5043 --- [data-collector] [           main] p.a.d.i.i.client.InstagramApiClient      : Business Discovery URL: https://graph.facebook.com/v19.0/12345678?fields=business_discovery.username(fotografik_waw){media{id,media_type,media_url,caption,permalink,like_count,comments_count,timestamp}}&access_token=long-lived-token
2026-09-02T00:05:51.641+02:00  INFO 5043 --- [data-collector] [           main] p.a.d.i.i.client.InstagramApiClient      : Pobrano 0 nowych postów konkurenta username=fotografik_waw, since=2024-01-01T00:00:00Z
[INFO] Tests run: 8, Failures: 0, Errors: 0, Skipped: 0, Time elapsed: 0.034 s -- in pl.autopilot.datacollector.infrastructure.instagram.client.InstagramApiClientFetchCompetitorMediaTest
[INFO] Running pl.autopilot.datacollector.infrastructure.instagram.client.InstagramApiExceptionTest
[INFO] Tests run: 5, Failures: 0, Errors: 0, Skipped: 0, Time elapsed: 0.014 s -- in pl.autopilot.datacollector.infrastructure.instagram.client.InstagramApiExceptionTest
[INFO] Running pl.autopilot.datacollector.domain.service.HashtagExtractorTest
[INFO] Tests run: 13, Failures: 0, Errors: 0, Skipped: 0, Time elapsed: 0.034 s -- in pl.autopilot.datacollector.domain.service.HashtagExtractorTest
[INFO] Running pl.autopilot.datacollector.domain.service.ManageMonitoredProfileServiceTest
2026-09-02T00:05:51.812+02:00  INFO 5043 --- [data-collector] [           main] p.a.d.d.s.ManageMonitoredProfileService  : Dodano/reaktywowano profil do obserwowania: owner_123 → rywal_pl
2026-09-02T00:05:51.815+02:00  INFO 5043 --- [data-collector] [           main] p.a.d.d.s.ManageMonitoredProfileService  : Dezaktywowano profil: owner_123 → rywal_pl
2026-09-02T00:05:51.818+02:00  INFO 5043 --- [data-collector] [           main] p.a.d.d.s.ManageMonitoredProfileService  : Dodano/reaktywowano profil do obserwowania: owner_123 → rywal_pl
2026-09-02T00:05:51.821+02:00  INFO 5043 --- [data-collector] [           main] p.a.d.d.s.ManageMonitoredProfileService  : Dodano/reaktywowano profil do obserwowania: owner_123 → rywal_pl
[INFO] Tests run: 5, Failures: 0, Errors: 0, Skipped: 0, Time elapsed: 0.125 s -- in pl.autopilot.datacollector.domain.service.ManageMonitoredProfileServiceTest
[INFO] Running pl.autopilot.datacollector.domain.service.ManageMonitoredHashtagServiceTest
2026-09-02T00:05:51.912+02:00  INFO 5043 --- [data-collector] [           main] p.a.d.d.s.ManageMonitoredHashtagService  : Dezaktywowano hashtag: owner_123 → #fotografia
2026-09-02T00:05:51.916+02:00  INFO 5043 --- [data-collector] [           main] p.a.d.d.s.ManageMonitoredHashtagService  : Dodano/reaktywowano hashtag do obserwowania: owner_123 → #fotografia
2026-09-02T00:05:51.919+02:00  INFO 5043 --- [data-collector] [           main] p.a.d.d.s.ManageMonitoredHashtagService  : Dodano/reaktywowano hashtag do obserwowania: owner_123 → #fotografia
2026-09-02T00:05:51.921+02:00  INFO 5043 --- [data-collector] [           main] p.a.d.d.s.ManageMonitoredHashtagService  : Dodano/reaktywowano hashtag do obserwowania: owner_123 → #fotografia
[INFO] Tests run: 5, Failures: 0, Errors: 0, Skipped: 0, Time elapsed: 0.098 s -- in pl.autopilot.datacollector.domain.service.ManageMonitoredHashtagServiceTest
[INFO] Running pl.autopilot.datacollector.domain.service.HashtagDataCollectionServiceTest
2026-09-02T00:05:52.064+02:00  INFO 5043 --- [data-collector] [           main] p.a.d.d.s.HashtagDataCollectionService   : Zbieram top media dla hashtagu=#fotografia tokenOwner=owner1
2026-09-02T00:05:52.064+02:00  INFO 5043 --- [data-collector] [           main] p.a.d.d.s.HashtagDataCollectionService   : Brak top media dla hashtagu=#fotografia
2026-09-02T00:05:52.067+02:00  WARN 5043 --- [data-collector] [           main] p.a.d.d.s.HashtagDataCollectionService   : Brak aktywnych obserwujących dla hashtagu=#fotografia
2026-09-02T00:05:52.070+02:00  WARN 5043 --- [data-collector] [           main] p.a.d.d.s.HashtagDataCollectionService   : Brak tokenu dla ownerIgId=owner1, pomijam hashtag=#fotografia
2026-09-02T00:05:52.073+02:00  INFO 5043 --- [data-collector] [           main] p.a.d.d.s.HashtagDataCollectionService   : Zbieram top media dla hashtagu=#fotografia tokenOwner=owner1
2026-09-02T00:05:52.074+02:00  INFO 5043 --- [data-collector] [           main] p.a.d.d.s.HashtagDataCollectionService   : Brak top media dla hashtagu=#fotografia
2026-09-02T00:05:52.077+02:00  INFO 5043 --- [data-collector] [           main] p.a.d.d.s.HashtagDataCollectionService   : Zbieram top media dla hashtagu=#fotografia tokenOwner=owner_null
2026-09-02T00:05:52.077+02:00  WARN 5043 --- [data-collector] [           main] p.a.d.d.s.HashtagDataCollectionService   : Brak statystyk dla hashtagu=#fotografia
2026-09-02T00:05:52.081+02:00  WARN 5043 --- [data-collector] [           main] p.a.d.d.s.HashtagDataCollectionService   : Brak aktywnych obserwujących dla hashtagu=#fotografia
2026-09-02T00:05:52.083+02:00  WARN 5043 --- [data-collector] [           main] p.a.d.d.s.HashtagDataCollectionService   : Brak adaptera dla platformy=GOOGLE
2026-09-02T00:05:52.086+02:00  INFO 5043 --- [data-collector] [           main] p.a.d.d.s.HashtagDataCollectionService   : Zbieram top media dla hashtagu=#fotografia tokenOwner=owner1
2026-09-02T00:05:52.086+02:00  WARN 5043 --- [data-collector] [           main] p.a.d.d.s.HashtagDataCollectionService   : Brak statystyk dla hashtagu=#fotografia
2026-09-02T00:05:52.088+02:00  INFO 5043 --- [data-collector] [           main] p.a.d.d.s.HashtagDataCollectionService   : Zbieram top media dla hashtagu=#fotografia tokenOwner=owner1
2026-09-02T00:05:52.088+02:00  INFO 5043 --- [data-collector] [           main] p.a.d.d.s.HashtagDataCollectionService   : Brak top media dla hashtagu=#fotografia
2026-09-02T00:05:52.091+02:00  INFO 5043 --- [data-collector] [           main] p.a.d.d.s.HashtagDataCollectionService   : Zbieram top media dla hashtagu=#fotografia tokenOwner=owner1
2026-09-02T00:05:52.091+02:00  INFO 5043 --- [data-collector] [           main] p.a.d.d.s.HashtagDataCollectionService   : Opublikowano event dla hashtagu=#fotografia topMedia=2
2026-09-02T00:05:52.095+02:00  INFO 5043 --- [data-collector] [           main] p.a.d.d.s.HashtagDataCollectionService   : Zbieram top media dla hashtagu=#fotografia tokenOwner=owner_oldest
2026-09-02T00:05:52.095+02:00  WARN 5043 --- [data-collector] [           main] p.a.d.d.s.HashtagDataCollectionService   : Brak statystyk dla hashtagu=#fotografia
[INFO] Tests run: 11, Failures: 0, Errors: 0, Skipped: 0, Time elapsed: 0.172 s -- in pl.autopilot.datacollector.domain.service.HashtagDataCollectionServiceTest
[INFO] Running pl.autopilot.datacollector.domain.service.CompetitorDataCollectionServiceTest
2026-09-02T00:05:52.137+02:00  WARN 5043 --- [data-collector] [           main] .a.d.d.s.CompetitorDataCollectionService : Brak aktywnych obserwujących dla handle=fotografik_waw
2026-09-02T00:05:52.140+02:00  WARN 5043 --- [data-collector] [           main] .a.d.d.s.CompetitorDataCollectionService : Brak tokenu dla ownerIgId=owner1, pomijam handle=fotografik_waw
2026-09-02T00:05:52.143+02:00  INFO 5043 --- [data-collector] [           main] .a.d.d.s.CompetitorDataCollectionService : Zbieram posty handle=fotografik_waw tokenOwner=owner_null since=2026-08-02T22:05:52.143514Z
2026-09-02T00:05:52.143+02:00  INFO 5043 --- [data-collector] [           main] .a.d.d.s.CompetitorDataCollectionService : Brak nowych postów dla handle=fotografik_waw
2026-09-02T00:05:52.145+02:00  INFO 5043 --- [data-collector] [           main] .a.d.d.s.CompetitorDataCollectionService : Zbieram posty handle=fotografik_waw tokenOwner=owner1 since=2026-08-02T22:05:52.145806Z
2026-09-02T00:05:52.145+02:00  INFO 5043 --- [data-collector] [           main] .a.d.d.s.CompetitorDataCollectionService : Brak nowych postów dla handle=fotografik_waw
2026-09-02T00:05:52.147+02:00  INFO 5043 --- [data-collector] [           main] .a.d.d.s.CompetitorDataCollectionService : Zbieram posty handle=fotografik_waw tokenOwner=owner1 since=2026-08-02T22:05:52.147892Z
2026-09-02T00:05:52.148+02:00  INFO 5043 --- [data-collector] [           main] .a.d.d.s.CompetitorDataCollectionService : Brak nowych postów dla handle=fotografik_waw
2026-09-02T00:05:52.150+02:00  INFO 5043 --- [data-collector] [           main] .a.d.d.s.CompetitorDataCollectionService : Zbieram posty handle=fotografik_waw tokenOwner=owner1 since=2024-05-01T00:00:00Z
2026-09-02T00:05:52.150+02:00  INFO 5043 --- [data-collector] [           main] .a.d.d.s.CompetitorDataCollectionService : Brak nowych postów dla handle=fotografik_waw
2026-09-02T00:05:52.153+02:00  INFO 5043 --- [data-collector] [           main] .a.d.d.s.CompetitorDataCollectionService : Zbieram posty handle=fotografik_waw tokenOwner=owner1 since=2024-05-01T00:00:00Z
2026-09-02T00:05:52.154+02:00  INFO 5043 --- [data-collector] [           main] .a.d.d.s.CompetitorDataCollectionService : Brak nowych postów dla handle=fotografik_waw
2026-09-02T00:05:52.156+02:00  INFO 5043 --- [data-collector] [           main] .a.d.d.s.CompetitorDataCollectionService : Zbieram posty handle=fotografik_waw tokenOwner=owner_oldest since=2024-01-01T00:00:00Z
2026-09-02T00:05:52.156+02:00  INFO 5043 --- [data-collector] [           main] .a.d.d.s.CompetitorDataCollectionService : Brak nowych postów dla handle=fotografik_waw
2026-09-02T00:05:52.159+02:00  INFO 5043 --- [data-collector] [           main] .a.d.d.s.CompetitorDataCollectionService : Zbieram posty handle=fotografik_waw tokenOwner=owner1 since=2024-05-01T00:00:00Z
2026-09-02T00:05:52.160+02:00  INFO 5043 --- [data-collector] [           main] .a.d.d.s.CompetitorDataCollectionService : Opublikowano 2 eventów dla handle=fotografik_waw
2026-09-02T00:05:52.162+02:00  INFO 5043 --- [data-collector] [           main] .a.d.d.s.CompetitorDataCollectionService : Zbieram posty handle=fotografik_waw tokenOwner=owner1 since=2024-05-01T00:00:00Z
2026-09-02T00:05:52.163+02:00  INFO 5043 --- [data-collector] [           main] .a.d.d.s.CompetitorDataCollectionService : Brak nowych postów dla handle=fotografik_waw
[INFO] Tests run: 10, Failures: 0, Errors: 0, Skipped: 0, Time elapsed: 0.065 s -- in pl.autopilot.datacollector.domain.service.CompetitorDataCollectionServiceTest
[INFO] 
[INFO] Results:
[INFO] 
[ERROR] Errors: 
[ERROR]   MetaCallbackControllerTest.shouldAcceptRequestWithoutBody » IllegalState ApplicationContext failure threshold (1) exceeded: skipping repeated attempt to load context for [WebMergedContextConfiguration@7f5ce33e testClass = pl.autopilot.datacollector.infrastructure.web.MetaCallbackControllerTest, locations = [], classes = [pl.autopilot.datacollector.DataCollectorApplication, pl.autopilot.datacollector.infrastructure.web.MetaCallbackControllerTest.TestSecurityConfig], contextInitializerClasses = [], activeProfiles = [], propertySourceDescriptors = [], propertySourceProperties = ["org.springframework.boot.webmvc.test.autoconfigure.WebMvcTestContextBootstrapper=true"], contextCustomizers = [org.springframework.test.context.support.DynamicPropertiesContextCustomizer@0, org.springframework.boot.webmvc.test.autoconfigure.WebDriverContextCustomizer@57a4d5ee, org.springframework.boot.test.autoconfigure.OnFailureConditionReportContextCustomizerFactory$OnFailureConditionReportContextCustomizer@36dce7ed, org.springframework.boot.test.autoconfigure.OverrideAutoConfigurationContextCustomizerFactory$DisableAutoConfigurationContextCustomizer@33aa93c, org.springframework.boot.web.server.context.SpringBootTestRandomPortContextCustomizer@70f43b45, [ImportsContextCustomizer@638afcaa key = [org.springframework.boot.autoconfigure.task.TaskExecutionAutoConfiguration, org.springframework.boot.webmvc.test.autoconfigure.MockMvcWebDriverAutoConfiguration, org.springframework.boot.autoconfigure.context.MessageSourceAutoConfiguration, org.springframework.boot.security.oauth2.server.resource.autoconfigure.servlet.OAuth2ResourceServerAutoConfiguration, org.springframework.boot.security.oauth2.client.autoconfigure.servlet.OAuth2ClientWebSecurityAutoConfiguration, org.springframework.boot.data.autoconfigure.web.DataWebAutoConfiguration, org.springframework.boot.security.oauth2.client.autoconfigure.OAuth2ClientAutoConfiguration, org.springframework.boot.webmvc.autoconfigure.error.ErrorMvcAutoConfiguration, org.springframework.boot.validation.autoconfigure.ValidationAutoConfiguration, org.springframework.boot.webmvc.autoconfigure.WebMvcAutoConfiguration, org.springframework.boot.http.converter.autoconfigure.HttpMessageConvertersAutoConfiguration, org.springframework.boot.jackson.autoconfigure.JacksonAutoConfiguration, org.springframework.boot.webmvc.test.autoconfigure.MockMvcWebClientAutoConfiguration, pl.autopilot.datacollector.infrastructure.web.MetaCallbackControllerTest$TestSecurityConfig, org.springframework.boot.servlet.autoconfigure.HttpEncodingAutoConfiguration, org.springframework.boot.webmvc.test.autoconfigure.MockMvcAutoConfiguration]], org.springframework.boot.test.context.PropertyMappingContextCustomizer@2d298995, org.springframework.boot.test.context.filter.ExcludeFilterContextCustomizer@632aa1a3, org.springframework.boot.test.context.filter.annotation.TypeExcludeFiltersContextCustomizer@46ef5b2d, org.springframework.boot.test.http.client.DisableReactorResourceFactoryGlobalResourcesContextCustomizerFactory$DisableReactorResourceFactoryGlobalResourcesContextCustomizerCustomizer@742d4e15, org.springframework.boot.test.json.DuplicateJsonObjectContextCustomizerFactory$DuplicateJsonObjectContextCustomizer@4163f1cd, org.springframework.boot.test.context.SpringBootTestAnnotation@bad14aa1], resourceBasePath = "src/main/webapp", contextLoader = org.springframework.boot.test.context.SpringBootContextLoader, parent = null]
[ERROR]   MetaCallbackControllerTest.shouldReturn200WithConfirmationCodeAndUrl » IllegalState Failed to load ApplicationContext for [WebMergedContextConfiguration@7f5ce33e testClass = pl.autopilot.datacollector.infrastructure.web.MetaCallbackControllerTest, locations = [], classes = [pl.autopilot.datacollector.DataCollectorApplication, pl.autopilot.datacollector.infrastructure.web.MetaCallbackControllerTest.TestSecurityConfig], contextInitializerClasses = [], activeProfiles = [], propertySourceDescriptors = [], propertySourceProperties = ["org.springframework.boot.webmvc.test.autoconfigure.WebMvcTestContextBootstrapper=true"], contextCustomizers = [org.springframework.test.context.support.DynamicPropertiesContextCustomizer@0, org.springframework.boot.webmvc.test.autoconfigure.WebDriverContextCustomizer@57a4d5ee, org.springframework.boot.test.autoconfigure.OnFailureConditionReportContextCustomizerFactory$OnFailureConditionReportContextCustomizer@36dce7ed, org.springframework.boot.test.autoconfigure.OverrideAutoConfigurationContextCustomizerFactory$DisableAutoConfigurationContextCustomizer@33aa93c, org.springframework.boot.web.server.context.SpringBootTestRandomPortContextCustomizer@70f43b45, [ImportsContextCustomizer@638afcaa key = [org.springframework.boot.autoconfigure.task.TaskExecutionAutoConfiguration, org.springframework.boot.webmvc.test.autoconfigure.MockMvcWebDriverAutoConfiguration, org.springframework.boot.autoconfigure.context.MessageSourceAutoConfiguration, org.springframework.boot.security.oauth2.server.resource.autoconfigure.servlet.OAuth2ResourceServerAutoConfiguration, org.springframework.boot.security.oauth2.client.autoconfigure.servlet.OAuth2ClientWebSecurityAutoConfiguration, org.springframework.boot.data.autoconfigure.web.DataWebAutoConfiguration, org.springframework.boot.security.oauth2.client.autoconfigure.OAuth2ClientAutoConfiguration, org.springframework.boot.webmvc.autoconfigure.error.ErrorMvcAutoConfiguration, org.springframework.boot.validation.autoconfigure.ValidationAutoConfiguration, org.springframework.boot.webmvc.autoconfigure.WebMvcAutoConfiguration, org.springframework.boot.http.converter.autoconfigure.HttpMessageConvertersAutoConfiguration, org.springframework.boot.jackson.autoconfigure.JacksonAutoConfiguration, org.springframework.boot.webmvc.test.autoconfigure.MockMvcWebClientAutoConfiguration, pl.autopilot.datacollector.infrastructure.web.MetaCallbackControllerTest$TestSecurityConfig, org.springframework.boot.servlet.autoconfigure.HttpEncodingAutoConfiguration, org.springframework.boot.webmvc.test.autoconfigure.MockMvcAutoConfiguration]], org.springframework.boot.test.context.PropertyMappingContextCustomizer@2d298995, org.springframework.boot.test.context.filter.ExcludeFilterContextCustomizer@632aa1a3, org.springframework.boot.test.context.filter.annotation.TypeExcludeFiltersContextCustomizer@46ef5b2d, org.springframework.boot.test.http.client.DisableReactorResourceFactoryGlobalResourcesContextCustomizerFactory$DisableReactorResourceFactoryGlobalResourcesContextCustomizerCustomizer@742d4e15, org.springframework.boot.test.json.DuplicateJsonObjectContextCustomizerFactory$DuplicateJsonObjectContextCustomizer@4163f1cd, org.springframework.boot.test.context.SpringBootTestAnnotation@bad14aa1], resourceBasePath = "src/main/webapp", contextLoader = org.springframework.boot.test.context.SpringBootContextLoader, parent = null]
[INFO] 
[ERROR] Tests run: 153, Failures: 0, Errors: 2, Skipped: 0
[INFO] 
[INFO] ------------------------------------------------------------------------
[INFO] Reactor Summary for marketing-autopilot 0.0.1-SNAPSHOT:
[INFO] 
[INFO] marketing-autopilot ................................ SUCCESS [  0.124 s]
[INFO] common ............................................. SUCCESS [ 11.105 s]
[INFO] data-collector ..................................... FAILURE [ 22.837 s]
[INFO] ------------------------------------------------------------------------
[INFO] BUILD FAILURE
[INFO] ------------------------------------------------------------------------
[INFO] Total time:  34.549 s
[INFO] Finished at: 2026-09-02T00:05:52+02:00
[INFO] ------------------------------------------------------------------------
[ERROR] Failed to execute goal org.apache.maven.plugins:maven-surefire-plugin:3.5.5:test (default-test) on project data-collector: 
[ERROR] 
[ERROR] See /Users/krzysztof/Projects/marketing-autopilot/data-collector/target/surefire-reports for the individual test results.
[ERROR] See dump files (if any exist) [date].dump, [date]-jvmRun[N].dump and [date].dumpstream.
[ERROR] -> [Help 1]
[ERROR] 
[ERROR] To see the full stack trace of the errors, re-run Maven with the -e switch.
[ERROR] Re-run Maven using the -X switch to enable full debug logging.
[ERROR] 
[ERROR] For more information about the errors and possible solutions, please read the following articles:
[ERROR] [Help 1] http://cwiki.apache.org/confluence/display/MAVEN/MojoFailureException
[ERROR] 
[ERROR] After correcting the problems, you can resume the build with the command
[ERROR]   mvn <args> -rf :data-collector
